cell_name,is_seq,is_macro,is_in_clk,x0,y0,x1,y1,is_filler,is_buf,is_inv,libcell_name,cell_static_power,cell_dynamic_power
FILLER_0_103,0,0,0,52900,10880,56580,13600,0,0,0,sky130_fd_sc_hd__decap_8,3.240068803533891e-12,0.0
FILLER_0_111,0,0,0,56580,10880,57040,13600,1,0,0,sky130_fd_sc_hd__fill_1,0.0,0.0
FILLER_0_113,0,1,0,57500,10880,63020,13600,0,0,0,sky130_ef_sc_hd__decap_12,0.0,0.0
FILLER_0_125,0,1,0,63020,10880,68540,13600,0,0,0,sky130_ef_sc_hd__decap_12,0.0,0.0
FILLER_0_137,0,0,0,68540,10880,69920,13600,0,0,0,sky130_fd_sc_hd__decap_3,3.24003692799002e-12,0.0
FILLER_0_141,0,1,0,70380,10880,75900,13600,0,0,0,sky130_ef_sc_hd__decap_12,0.0,0.0
FILLER_0_15,0,1,0,12420,10880,17940,13600,0,0,0,sky130_ef_sc_hd__decap_12,0.0,0.0
FILLER_0_153,0,1,0,75900,10880,81420,13600,0,0,0,sky130_ef_sc_hd__decap_12,0.0,0.0
FILLER_0_165,0,0,0,81420,10880,82800,13600,0,0,0,sky130_fd_sc_hd__decap_3,3.24003692799002e-12,0.0
FILLER_0_169,0,1,0,83260,10880,88780,13600,0,0,0,sky130_ef_sc_hd__decap_12,0.0,0.0
FILLER_0_181,0,0,0,88780,10880,92460,13600,0,0,0,sky130_fd_sc_hd__decap_8,3.240068803533891e-12,0.0
FILLER_0_189,0,0,0,92460,10880,92920,13600,1,0,0,sky130_fd_sc_hd__fill_1,0.0,0.0
FILLER_0_27,0,0,0,17940,10880,18400,13600,1,0,0,sky130_fd_sc_hd__fill_1,0.0,0.0
FILLER_0_29,0,1,0,18860,10880,24380,13600,0,0,0,sky130_ef_sc_hd__decap_12,0.0,0.0
FILLER_0_3,0,1,0,6900,10880,12420,13600,0,0,0,sky130_ef_sc_hd__decap_12,0.0,0.0
FILLER_0_41,0,1,0,24380,10880,29900,13600,0,0,0,sky130_ef_sc_hd__decap_12,0.0,0.0
FILLER_0_53,0,0,0,29900,10880,31280,13600,0,0,0,sky130_fd_sc_hd__decap_3,3.24003692799002e-12,0.0
FILLER_0_57,0,1,0,31740,10880,37260,13600,0,0,0,sky130_ef_sc_hd__decap_12,0.0,0.0
FILLER_0_69,0,1,0,37260,10880,42780,13600,0,0,0,sky130_ef_sc_hd__decap_12,0.0,0.0
FILLER_0_81,0,0,0,42780,10880,44160,13600,0,0,0,sky130_fd_sc_hd__decap_3,3.24003692799002e-12,0.0
FILLER_0_85,0,0,0,44620,10880,48300,13600,0,0,0,sky130_fd_sc_hd__decap_8,3.240068803533891e-12,0.0
FILLER_0_93,0,0,0,48300,10880,49220,13600,1,0,0,sky130_fd_sc_hd__fill_2,0.0,0.0
FILLER_10_109,0,1,0,55660,38080,61180,40800,0,0,0,sky130_ef_sc_hd__decap_12,0.0,0.0
FILLER_10_121,0,1,0,61180,38080,66700,40800,0,0,0,sky130_ef_sc_hd__decap_12,0.0,0.0
FILLER_10_133,0,0,0,66700,38080,69460,40800,0,0,0,sky130_fd_sc_hd__decap_6,3.2400560099482556e-12,0.0
FILLER_10_139,0,0,0,69460,38080,69920,40800,1,0,0,sky130_fd_sc_hd__fill_1,0.0,0.0
FILLER_10_141,0,1,0,70380,38080,75900,40800,0,0,0,sky130_ef_sc_hd__decap_12,0.0,0.0
FILLER_10_15,0,1,0,12420,38080,17940,40800,0,0,0,sky130_ef_sc_hd__decap_12,0.0,0.0
FILLER_10_153,0,1,0,75900,38080,81420,40800,0,0,0,sky130_ef_sc_hd__decap_12,0.0,0.0
FILLER_10_165,0,1,0,81420,38080,86940,40800,0,0,0,sky130_ef_sc_hd__decap_12,0.0,0.0
FILLER_10_177,0,1,0,86940,38080,92460,40800,0,0,0,sky130_ef_sc_hd__decap_12,0.0,0.0
FILLER_10_189,0,0,0,92460,38080,92920,40800,1,0,0,sky130_fd_sc_hd__fill_1,0.0,0.0
FILLER_10_27,0,0,0,17940,38080,18400,40800,1,0,0,sky130_fd_sc_hd__fill_1,0.0,0.0
FILLER_10_29,0,1,0,18860,38080,24380,40800,0,0,0,sky130_ef_sc_hd__decap_12,0.0,0.0
FILLER_10_3,0,1,0,6900,38080,12420,40800,0,0,0,sky130_ef_sc_hd__decap_12,0.0,0.0
FILLER_10_41,0,1,0,24380,38080,29900,40800,0,0,0,sky130_ef_sc_hd__decap_12,0.0,0.0
FILLER_10_53,0,1,0,29900,38080,35420,40800,0,0,0,sky130_ef_sc_hd__decap_12,0.0,0.0
FILLER_10_65,0,1,0,35420,38080,40940,40800,0,0,0,sky130_ef_sc_hd__decap_12,0.0,0.0
FILLER_10_77,0,0,0,40940,38080,43700,40800,0,0,0,sky130_fd_sc_hd__decap_6,3.2400560099482556e-12,0.0
FILLER_10_83,0,0,0,43700,38080,44160,40800,1,0,0,sky130_fd_sc_hd__fill_1,0.0,0.0
FILLER_10_85,0,1,0,44620,38080,50140,40800,0,0,0,sky130_ef_sc_hd__decap_12,0.0,0.0
FILLER_10_97,0,1,0,50140,38080,55660,40800,0,0,0,sky130_ef_sc_hd__decap_12,0.0,0.0
FILLER_11_105,0,0,0,53820,40800,56580,43520,0,0,0,sky130_fd_sc_hd__decap_6,3.2400560099482556e-12,0.0
FILLER_11_111,0,0,0,56580,40800,57040,43520,1,0,0,sky130_fd_sc_hd__fill_1,0.0,0.0
FILLER_11_113,0,1,0,57500,40800,63020,43520,0,0,0,sky130_ef_sc_hd__decap_12,0.0,0.0
FILLER_11_125,0,1,0,63020,40800,68540,43520,0,0,0,sky130_ef_sc_hd__decap_12,0.0,0.0
FILLER_11_137,0,1,0,68540,40800,74060,43520,0,0,0,sky130_ef_sc_hd__decap_12,0.0,0.0
FILLER_11_149,0,1,0,74060,40800,79580,43520,0,0,0,sky130_ef_sc_hd__decap_12,0.0,0.0
FILLER_11_15,0,1,0,12420,40800,17940,43520,0,0,0,sky130_ef_sc_hd__decap_12,0.0,0.0
FILLER_11_161,0,0,0,79580,40800,82340,43520,0,0,0,sky130_fd_sc_hd__decap_6,3.2400560099482556e-12,0.0
FILLER_11_167,0,0,0,82340,40800,82800,43520,1,0,0,sky130_fd_sc_hd__fill_1,0.0,0.0
FILLER_11_169,0,1,0,83260,40800,88780,43520,0,0,0,sky130_ef_sc_hd__decap_12,0.0,0.0
FILLER_11_181,0,0,0,88780,40800,92460,43520,0,0,0,sky130_fd_sc_hd__decap_8,3.240068803533891e-12,0.0
FILLER_11_189,0,0,0,92460,40800,92920,43520,1,0,0,sky130_fd_sc_hd__fill_1,0.0,0.0
FILLER_11_27,0,1,0,17940,40800,23460,43520,0,0,0,sky130_ef_sc_hd__decap_12,0.0,0.0
FILLER_11_3,0,1,0,6900,40800,12420,43520,0,0,0,sky130_ef_sc_hd__decap_12,0.0,0.0
FILLER_11_39,0,1,0,23460,40800,28980,43520,0,0,0,sky130_ef_sc_hd__decap_12,0.0,0.0
FILLER_11_51,0,0,0,28980,40800,30820,43520,0,0,0,sky130_fd_sc_hd__decap_4,3.2400438668839238e-12,0.0
FILLER_11_55,0,0,0,30820,40800,31280,43520,1,0,0,sky130_fd_sc_hd__fill_1,0.0,0.0
FILLER_11_57,0,1,0,31740,40800,37260,43520,0,0,0,sky130_ef_sc_hd__decap_12,0.0,0.0
FILLER_11_69,0,1,0,37260,40800,42780,43520,0,0,0,sky130_ef_sc_hd__decap_12,0.0,0.0
FILLER_11_81,0,1,0,42780,40800,48300,43520,0,0,0,sky130_ef_sc_hd__decap_12,0.0,0.0
FILLER_11_93,0,1,0,48300,40800,53820,43520,0,0,0,sky130_ef_sc_hd__decap_12,0.0,0.0
FILLER_12_110,0,1,0,56120,43520,61640,46240,0,0,0,sky130_ef_sc_hd__decap_12,0.0,0.0
FILLER_12_122,0,1,0,61640,43520,67160,46240,0,0,0,sky130_ef_sc_hd__decap_12,0.0,0.0
FILLER_12_134,0,0,0,67160,43520,69920,46240,0,0,0,sky130_fd_sc_hd__decap_6,3.2400560099482556e-12,0.0
FILLER_12_141,0,1,0,70380,43520,75900,46240,0,0,0,sky130_ef_sc_hd__decap_12,0.0,0.0
FILLER_12_15,0,1,0,12420,43520,17940,46240,0,0,0,sky130_ef_sc_hd__decap_12,0.0,0.0
FILLER_12_153,0,1,0,75900,43520,81420,46240,0,0,0,sky130_ef_sc_hd__decap_12,0.0,0.0
FILLER_12_165,0,1,0,81420,43520,86940,46240,0,0,0,sky130_ef_sc_hd__decap_12,0.0,0.0
FILLER_12_177,0,1,0,86940,43520,92460,46240,0,0,0,sky130_ef_sc_hd__decap_12,0.0,0.0
FILLER_12_189,0,0,0,92460,43520,92920,46240,1,0,0,sky130_fd_sc_hd__fill_1,0.0,0.0
FILLER_12_27,0,0,0,17940,43520,18400,46240,1,0,0,sky130_fd_sc_hd__fill_1,0.0,0.0
FILLER_12_29,0,1,0,18860,43520,24380,46240,0,0,0,sky130_ef_sc_hd__decap_12,0.0,0.0
FILLER_12_3,0,1,0,6900,43520,12420,46240,0,0,0,sky130_ef_sc_hd__decap_12,0.0,0.0
FILLER_12_41,0,1,0,24380,43520,29900,46240,0,0,0,sky130_ef_sc_hd__decap_12,0.0,0.0
FILLER_12_53,0,1,0,29900,43520,35420,46240,0,0,0,sky130_ef_sc_hd__decap_12,0.0,0.0
FILLER_12_65,0,1,0,35420,43520,40940,46240,0,0,0,sky130_ef_sc_hd__decap_12,0.0,0.0
FILLER_12_77,0,0,0,40940,43520,43700,46240,0,0,0,sky130_fd_sc_hd__decap_6,3.2400560099482556e-12,0.0
FILLER_12_83,0,0,0,43700,43520,44160,46240,1,0,0,sky130_fd_sc_hd__fill_1,0.0,0.0
FILLER_12_85,0,0,0,44620,43520,46460,46240,0,0,0,sky130_fd_sc_hd__decap_4,3.2400438668839238e-12,0.0
FILLER_12_89,0,0,0,46460,43520,46920,46240,1,0,0,sky130_fd_sc_hd__fill_1,0.0,0.0
FILLER_12_98,0,1,0,50600,43520,56120,46240,0,0,0,sky130_ef_sc_hd__decap_12,0.0,0.0
FILLER_13_102,0,0,0,52440,46240,56120,48960,0,0,0,sky130_fd_sc_hd__decap_8,3.240068803533891e-12,0.0
FILLER_13_110,0,0,0,56120,46240,57040,48960,1,0,0,sky130_fd_sc_hd__fill_2,0.0,0.0
FILLER_13_113,0,1,0,57500,46240,63020,48960,0,0,0,sky130_ef_sc_hd__decap_12,0.0,0.0
FILLER_13_125,0,1,0,63020,46240,68540,48960,0,0,0,sky130_ef_sc_hd__decap_12,0.0,0.0
FILLER_13_137,0,1,0,68540,46240,74060,48960,0,0,0,sky130_ef_sc_hd__decap_12,0.0,0.0
FILLER_13_149,0,1,0,74060,46240,79580,48960,0,0,0,sky130_ef_sc_hd__decap_12,0.0,0.0
FILLER_13_15,0,1,0,12420,46240,17940,48960,0,0,0,sky130_ef_sc_hd__decap_12,0.0,0.0
FILLER_13_161,0,0,0,79580,46240,82340,48960,0,0,0,sky130_fd_sc_hd__decap_6,3.2400560099482556e-12,0.0
FILLER_13_167,0,0,0,82340,46240,82800,48960,1,0,0,sky130_fd_sc_hd__fill_1,0.0,0.0
FILLER_13_169,0,1,0,83260,46240,88780,48960,0,0,0,sky130_ef_sc_hd__decap_12,0.0,0.0
FILLER_13_181,0,0,0,88780,46240,92460,48960,0,0,0,sky130_fd_sc_hd__decap_8,3.240068803533891e-12,0.0
FILLER_13_189,0,0,0,92460,46240,92920,48960,1,0,0,sky130_fd_sc_hd__fill_1,0.0,0.0
FILLER_13_27,0,1,0,17940,46240,23460,48960,0,0,0,sky130_ef_sc_hd__decap_12,0.0,0.0
FILLER_13_3,0,1,0,6900,46240,12420,48960,0,0,0,sky130_ef_sc_hd__decap_12,0.0,0.0
FILLER_13_39,0,1,0,23460,46240,28980,48960,0,0,0,sky130_ef_sc_hd__decap_12,0.0,0.0
FILLER_13_51,0,0,0,28980,46240,30820,48960,0,0,0,sky130_fd_sc_hd__decap_4,3.2400438668839238e-12,0.0
FILLER_13_55,0,0,0,30820,46240,31280,48960,1,0,0,sky130_fd_sc_hd__fill_1,0.0,0.0
FILLER_13_57,0,1,0,31740,46240,37260,48960,0,0,0,sky130_ef_sc_hd__decap_12,0.0,0.0
FILLER_13_69,0,1,0,37260,46240,42780,48960,0,0,0,sky130_ef_sc_hd__decap_12,0.0,0.0
FILLER_13_81,0,0,0,42780,46240,45540,48960,0,0,0,sky130_fd_sc_hd__decap_6,3.2400560099482556e-12,0.0
FILLER_13_87,0,0,0,45540,46240,46000,48960,1,0,0,sky130_fd_sc_hd__fill_1,0.0,0.0
FILLER_13_93,0,0,0,48300,46240,50140,48960,0,0,0,sky130_fd_sc_hd__decap_4,3.2400438668839238e-12,0.0
FILLER_14_109,0,1,0,55660,48960,61180,51680,0,0,0,sky130_ef_sc_hd__decap_12,0.0,0.0
FILLER_14_11,0,1,0,10580,48960,16100,51680,0,0,0,sky130_ef_sc_hd__decap_12,0.0,0.0
FILLER_14_121,0,1,0,61180,48960,66700,51680,0,0,0,sky130_ef_sc_hd__decap_12,0.0,0.0
FILLER_14_133,0,0,0,66700,48960,69460,51680,0,0,0,sky130_fd_sc_hd__decap_6,3.2400560099482556e-12,0.0
FILLER_14_139,0,0,0,69460,48960,69920,51680,1,0,0,sky130_fd_sc_hd__fill_1,0.0,0.0
FILLER_14_141,0,1,0,70380,48960,75900,51680,0,0,0,sky130_ef_sc_hd__decap_12,0.0,0.0
FILLER_14_153,0,1,0,75900,48960,81420,51680,0,0,0,sky130_ef_sc_hd__decap_12,0.0,0.0
FILLER_14_165,0,1,0,81420,48960,86940,51680,0,0,0,sky130_ef_sc_hd__decap_12,0.0,0.0
FILLER_14_177,0,0,0,86940,48960,88780,51680,0,0,0,sky130_fd_sc_hd__decap_4,3.2400438668839238e-12,0.0
FILLER_14_181,0,0,0,88780,48960,89240,51680,1,0,0,sky130_fd_sc_hd__fill_1,0.0,0.0
FILLER_14_23,0,0,0,16100,48960,17940,51680,0,0,0,sky130_fd_sc_hd__decap_4,3.2400438668839238e-12,0.0
FILLER_14_27,0,0,0,17940,48960,18400,51680,1,0,0,sky130_fd_sc_hd__fill_1,0.0,0.0
FILLER_14_29,0,1,0,18860,48960,24380,51680,0,0,0,sky130_ef_sc_hd__decap_12,0.0,0.0
FILLER_14_41,0,1,0,24380,48960,29900,51680,0,0,0,sky130_ef_sc_hd__decap_12,0.0,0.0
FILLER_14_53,0,1,0,29900,48960,35420,51680,0,0,0,sky130_ef_sc_hd__decap_12,0.0,0.0
FILLER_14_65,0,1,0,35420,48960,40940,51680,0,0,0,sky130_ef_sc_hd__decap_12,0.0,0.0
FILLER_14_77,0,0,0,40940,48960,43700,51680,0,0,0,sky130_fd_sc_hd__decap_6,3.2400560099482556e-12,0.0
FILLER_14_83,0,0,0,43700,48960,44160,51680,1,0,0,sky130_fd_sc_hd__fill_1,0.0,0.0
FILLER_14_85,0,1,0,44620,48960,50140,51680,0,0,0,sky130_ef_sc_hd__decap_12,0.0,0.0
FILLER_14_97,0,1,0,50140,48960,55660,51680,0,0,0,sky130_ef_sc_hd__decap_12,0.0,0.0
FILLER_15_105,0,0,0,53820,51680,56580,54400,0,0,0,sky130_fd_sc_hd__decap_6,3.2400560099482556e-12,0.0
FILLER_15_111,0,0,0,56580,51680,57040,54400,1,0,0,sky130_fd_sc_hd__fill_1,0.0,0.0
FILLER_15_113,0,1,0,57500,51680,63020,54400,0,0,0,sky130_ef_sc_hd__decap_12,0.0,0.0
FILLER_15_125,0,1,0,63020,51680,68540,54400,0,0,0,sky130_ef_sc_hd__decap_12,0.0,0.0
FILLER_15_137,0,1,0,68540,51680,74060,54400,0,0,0,sky130_ef_sc_hd__decap_12,0.0,0.0
FILLER_15_149,0,1,0,74060,51680,79580,54400,0,0,0,sky130_ef_sc_hd__decap_12,0.0,0.0
FILLER_15_15,0,1,0,12420,51680,17940,54400,0,0,0,sky130_ef_sc_hd__decap_12,0.0,0.0
FILLER_15_161,0,0,0,79580,51680,82340,54400,0,0,0,sky130_fd_sc_hd__decap_6,3.2400560099482556e-12,0.0
FILLER_15_167,0,0,0,82340,51680,82800,54400,1,0,0,sky130_fd_sc_hd__fill_1,0.0,0.0
FILLER_15_169,0,1,0,83260,51680,88780,54400,0,0,0,sky130_ef_sc_hd__decap_12,0.0,0.0
FILLER_15_181,0,0,0,88780,51680,92460,54400,0,0,0,sky130_fd_sc_hd__decap_8,3.240068803533891e-12,0.0
FILLER_15_189,0,0,0,92460,51680,92920,54400,1,0,0,sky130_fd_sc_hd__fill_1,0.0,0.0
FILLER_15_27,0,1,0,17940,51680,23460,54400,0,0,0,sky130_ef_sc_hd__decap_12,0.0,0.0
FILLER_15_3,0,1,0,6900,51680,12420,54400,0,0,0,sky130_ef_sc_hd__decap_12,0.0,0.0
FILLER_15_39,0,1,0,23460,51680,28980,54400,0,0,0,sky130_ef_sc_hd__decap_12,0.0,0.0
FILLER_15_51,0,0,0,28980,51680,30820,54400,0,0,0,sky130_fd_sc_hd__decap_4,3.2400438668839238e-12,0.0
FILLER_15_55,0,0,0,30820,51680,31280,54400,1,0,0,sky130_fd_sc_hd__fill_1,0.0,0.0
FILLER_15_57,0,1,0,31740,51680,37260,54400,0,0,0,sky130_ef_sc_hd__decap_12,0.0,0.0
FILLER_15_69,0,1,0,37260,51680,42780,54400,0,0,0,sky130_ef_sc_hd__decap_12,0.0,0.0
FILLER_15_81,0,1,0,42780,51680,48300,54400,0,0,0,sky130_ef_sc_hd__decap_12,0.0,0.0
FILLER_15_93,0,1,0,48300,51680,53820,54400,0,0,0,sky130_ef_sc_hd__decap_12,0.0,0.0
FILLER_16_109,0,1,0,55660,54400,61180,57120,0,0,0,sky130_ef_sc_hd__decap_12,0.0,0.0
FILLER_16_121,0,1,0,61180,54400,66700,57120,0,0,0,sky130_ef_sc_hd__decap_12,0.0,0.0
FILLER_16_133,0,0,0,66700,54400,69460,57120,0,0,0,sky130_fd_sc_hd__decap_6,3.2400560099482556e-12,0.0
FILLER_16_139,0,0,0,69460,54400,69920,57120,1,0,0,sky130_fd_sc_hd__fill_1,0.0,0.0
FILLER_16_141,0,1,0,70380,54400,75900,57120,0,0,0,sky130_ef_sc_hd__decap_12,0.0,0.0
FILLER_16_15,0,1,0,12420,54400,17940,57120,0,0,0,sky130_ef_sc_hd__decap_12,0.0,0.0
FILLER_16_153,0,1,0,75900,54400,81420,57120,0,0,0,sky130_ef_sc_hd__decap_12,0.0,0.0
FILLER_16_165,0,1,0,81420,54400,86940,57120,0,0,0,sky130_ef_sc_hd__decap_12,0.0,0.0
FILLER_16_177,0,1,0,86940,54400,92460,57120,0,0,0,sky130_ef_sc_hd__decap_12,0.0,0.0
FILLER_16_189,0,0,0,92460,54400,92920,57120,1,0,0,sky130_fd_sc_hd__fill_1,0.0,0.0
FILLER_16_27,0,0,0,17940,54400,18400,57120,1,0,0,sky130_fd_sc_hd__fill_1,0.0,0.0
FILLER_16_29,0,1,0,18860,54400,24380,57120,0,0,0,sky130_ef_sc_hd__decap_12,0.0,0.0
FILLER_16_3,0,1,0,6900,54400,12420,57120,0,0,0,sky130_ef_sc_hd__decap_12,0.0,0.0
FILLER_16_41,0,1,0,24380,54400,29900,57120,0,0,0,sky130_ef_sc_hd__decap_12,0.0,0.0
FILLER_16_53,0,1,0,29900,54400,35420,57120,0,0,0,sky130_ef_sc_hd__decap_12,0.0,0.0
FILLER_16_65,0,1,0,35420,54400,40940,57120,0,0,0,sky130_ef_sc_hd__decap_12,0.0,0.0
FILLER_16_77,0,0,0,40940,54400,43700,57120,0,0,0,sky130_fd_sc_hd__decap_6,3.2400560099482556e-12,0.0
FILLER_16_83,0,0,0,43700,54400,44160,57120,1,0,0,sky130_fd_sc_hd__fill_1,0.0,0.0
FILLER_16_85,0,1,0,44620,54400,50140,57120,0,0,0,sky130_ef_sc_hd__decap_12,0.0,0.0
FILLER_16_97,0,1,0,50140,54400,55660,57120,0,0,0,sky130_ef_sc_hd__decap_12,0.0,0.0
FILLER_17_105,0,0,0,53820,57120,56580,59840,0,0,0,sky130_fd_sc_hd__decap_6,3.2400560099482556e-12,0.0
FILLER_17_111,0,0,0,56580,57120,57040,59840,1,0,0,sky130_fd_sc_hd__fill_1,0.0,0.0
FILLER_17_113,0,1,0,57500,57120,63020,59840,0,0,0,sky130_ef_sc_hd__decap_12,0.0,0.0
FILLER_17_125,0,1,0,63020,57120,68540,59840,0,0,0,sky130_ef_sc_hd__decap_12,0.0,0.0
FILLER_17_137,0,1,0,68540,57120,74060,59840,0,0,0,sky130_ef_sc_hd__decap_12,0.0,0.0
FILLER_17_149,0,1,0,74060,57120,79580,59840,0,0,0,sky130_ef_sc_hd__decap_12,0.0,0.0
FILLER_17_15,0,1,0,12420,57120,17940,59840,0,0,0,sky130_ef_sc_hd__decap_12,0.0,0.0
FILLER_17_161,0,0,0,79580,57120,82340,59840,0,0,0,sky130_fd_sc_hd__decap_6,3.2400560099482556e-12,0.0
FILLER_17_167,0,0,0,82340,57120,82800,59840,1,0,0,sky130_fd_sc_hd__fill_1,0.0,0.0
FILLER_17_169,0,1,0,83260,57120,88780,59840,0,0,0,sky130_ef_sc_hd__decap_12,0.0,0.0
FILLER_17_181,0,0,0,88780,57120,92460,59840,0,0,0,sky130_fd_sc_hd__decap_8,3.240068803533891e-12,0.0
FILLER_17_189,0,0,0,92460,57120,92920,59840,1,0,0,sky130_fd_sc_hd__fill_1,0.0,0.0
FILLER_17_27,0,1,0,17940,57120,23460,59840,0,0,0,sky130_ef_sc_hd__decap_12,0.0,0.0
FILLER_17_3,0,1,0,6900,57120,12420,59840,0,0,0,sky130_ef_sc_hd__decap_12,0.0,0.0
FILLER_17_39,0,1,0,23460,57120,28980,59840,0,0,0,sky130_ef_sc_hd__decap_12,0.0,0.0
FILLER_17_51,0,0,0,28980,57120,30820,59840,0,0,0,sky130_fd_sc_hd__decap_4,3.2400438668839238e-12,0.0
FILLER_17_55,0,0,0,30820,57120,31280,59840,1,0,0,sky130_fd_sc_hd__fill_1,0.0,0.0
FILLER_17_57,0,1,0,31740,57120,37260,59840,0,0,0,sky130_ef_sc_hd__decap_12,0.0,0.0
FILLER_17_69,0,1,0,37260,57120,42780,59840,0,0,0,sky130_ef_sc_hd__decap_12,0.0,0.0
FILLER_17_81,0,1,0,42780,57120,48300,59840,0,0,0,sky130_ef_sc_hd__decap_12,0.0,0.0
FILLER_17_93,0,1,0,48300,57120,53820,59840,0,0,0,sky130_ef_sc_hd__decap_12,0.0,0.0
FILLER_18_109,0,1,0,55660,59840,61180,62560,0,0,0,sky130_ef_sc_hd__decap_12,0.0,0.0
FILLER_18_121,0,1,0,61180,59840,66700,62560,0,0,0,sky130_ef_sc_hd__decap_12,0.0,0.0
FILLER_18_133,0,0,0,66700,59840,69460,62560,0,0,0,sky130_fd_sc_hd__decap_6,3.2400560099482556e-12,0.0
FILLER_18_139,0,0,0,69460,59840,69920,62560,1,0,0,sky130_fd_sc_hd__fill_1,0.0,0.0
FILLER_18_141,0,1,0,70380,59840,75900,62560,0,0,0,sky130_ef_sc_hd__decap_12,0.0,0.0
FILLER_18_15,0,1,0,12420,59840,17940,62560,0,0,0,sky130_ef_sc_hd__decap_12,0.0,0.0
FILLER_18_153,0,1,0,75900,59840,81420,62560,0,0,0,sky130_ef_sc_hd__decap_12,0.0,0.0
FILLER_18_165,0,1,0,81420,59840,86940,62560,0,0,0,sky130_ef_sc_hd__decap_12,0.0,0.0
FILLER_18_177,0,1,0,86940,59840,92460,62560,0,0,0,sky130_ef_sc_hd__decap_12,0.0,0.0
FILLER_18_189,0,0,0,92460,59840,92920,62560,1,0,0,sky130_fd_sc_hd__fill_1,0.0,0.0
FILLER_18_27,0,0,0,17940,59840,18400,62560,1,0,0,sky130_fd_sc_hd__fill_1,0.0,0.0
FILLER_18_29,0,1,0,18860,59840,24380,62560,0,0,0,sky130_ef_sc_hd__decap_12,0.0,0.0
FILLER_18_3,0,1,0,6900,59840,12420,62560,0,0,0,sky130_ef_sc_hd__decap_12,0.0,0.0
FILLER_18_41,0,1,0,24380,59840,29900,62560,0,0,0,sky130_ef_sc_hd__decap_12,0.0,0.0
FILLER_18_53,0,1,0,29900,59840,35420,62560,0,0,0,sky130_ef_sc_hd__decap_12,0.0,0.0
FILLER_18_65,0,1,0,35420,59840,40940,62560,0,0,0,sky130_ef_sc_hd__decap_12,0.0,0.0
FILLER_18_77,0,0,0,40940,59840,43700,62560,0,0,0,sky130_fd_sc_hd__decap_6,3.2400560099482556e-12,0.0
FILLER_18_83,0,0,0,43700,59840,44160,62560,1,0,0,sky130_fd_sc_hd__fill_1,0.0,0.0
FILLER_18_85,0,1,0,44620,59840,50140,62560,0,0,0,sky130_ef_sc_hd__decap_12,0.0,0.0
FILLER_18_97,0,1,0,50140,59840,55660,62560,0,0,0,sky130_ef_sc_hd__decap_12,0.0,0.0
FILLER_19_105,0,0,0,53820,62560,56580,65280,0,0,0,sky130_fd_sc_hd__decap_6,3.2400560099482556e-12,0.0
FILLER_19_111,0,0,0,56580,62560,57040,65280,1,0,0,sky130_fd_sc_hd__fill_1,0.0,0.0
FILLER_19_113,0,1,0,57500,62560,63020,65280,0,0,0,sky130_ef_sc_hd__decap_12,0.0,0.0
FILLER_19_125,0,1,0,63020,62560,68540,65280,0,0,0,sky130_ef_sc_hd__decap_12,0.0,0.0
FILLER_19_137,0,1,0,68540,62560,74060,65280,0,0,0,sky130_ef_sc_hd__decap_12,0.0,0.0
FILLER_19_149,0,1,0,74060,62560,79580,65280,0,0,0,sky130_ef_sc_hd__decap_12,0.0,0.0
FILLER_19_15,0,1,0,12420,62560,17940,65280,0,0,0,sky130_ef_sc_hd__decap_12,0.0,0.0
FILLER_19_161,0,0,0,79580,62560,82340,65280,0,0,0,sky130_fd_sc_hd__decap_6,3.2400560099482556e-12,0.0
FILLER_19_167,0,0,0,82340,62560,82800,65280,1,0,0,sky130_fd_sc_hd__fill_1,0.0,0.0
FILLER_19_169,0,1,0,83260,62560,88780,65280,0,0,0,sky130_ef_sc_hd__decap_12,0.0,0.0
FILLER_19_181,0,0,0,88780,62560,92460,65280,0,0,0,sky130_fd_sc_hd__decap_8,3.240068803533891e-12,0.0
FILLER_19_189,0,0,0,92460,62560,92920,65280,1,0,0,sky130_fd_sc_hd__fill_1,0.0,0.0
FILLER_19_27,0,1,0,17940,62560,23460,65280,0,0,0,sky130_ef_sc_hd__decap_12,0.0,0.0
FILLER_19_3,0,1,0,6900,62560,12420,65280,0,0,0,sky130_ef_sc_hd__decap_12,0.0,0.0
FILLER_19_39,0,1,0,23460,62560,28980,65280,0,0,0,sky130_ef_sc_hd__decap_12,0.0,0.0
FILLER_19_51,0,0,0,28980,62560,30820,65280,0,0,0,sky130_fd_sc_hd__decap_4,3.2400438668839238e-12,0.0
FILLER_19_55,0,0,0,30820,62560,31280,65280,1,0,0,sky130_fd_sc_hd__fill_1,0.0,0.0
FILLER_19_57,0,1,0,31740,62560,37260,65280,0,0,0,sky130_ef_sc_hd__decap_12,0.0,0.0
FILLER_19_69,0,1,0,37260,62560,42780,65280,0,0,0,sky130_ef_sc_hd__decap_12,0.0,0.0
FILLER_19_81,0,1,0,42780,62560,48300,65280,0,0,0,sky130_ef_sc_hd__decap_12,0.0,0.0
FILLER_19_93,0,1,0,48300,62560,53820,65280,0,0,0,sky130_ef_sc_hd__decap_12,0.0,0.0
FILLER_1_101,0,0,0,51980,13600,55660,16320,0,0,0,sky130_fd_sc_hd__decap_8,3.240068803533891e-12,0.0
FILLER_1_109,0,0,0,55660,13600,57040,16320,0,0,0,sky130_fd_sc_hd__decap_3,3.24003692799002e-12,0.0
FILLER_1_113,0,1,0,57500,13600,63020,16320,0,0,0,sky130_ef_sc_hd__decap_12,0.0,0.0
FILLER_1_125,0,1,0,63020,13600,68540,16320,0,0,0,sky130_ef_sc_hd__decap_12,0.0,0.0
FILLER_1_137,0,1,0,68540,13600,74060,16320,0,0,0,sky130_ef_sc_hd__decap_12,0.0,0.0
FILLER_1_149,0,1,0,74060,13600,79580,16320,0,0,0,sky130_ef_sc_hd__decap_12,0.0,0.0
FILLER_1_15,0,1,0,12420,13600,17940,16320,0,0,0,sky130_ef_sc_hd__decap_12,0.0,0.0
FILLER_1_161,0,0,0,79580,13600,82340,16320,0,0,0,sky130_fd_sc_hd__decap_6,3.2400560099482556e-12,0.0
FILLER_1_167,0,0,0,82340,13600,82800,16320,1,0,0,sky130_fd_sc_hd__fill_1,0.0,0.0
FILLER_1_169,0,1,0,83260,13600,88780,16320,0,0,0,sky130_ef_sc_hd__decap_12,0.0,0.0
FILLER_1_181,0,0,0,88780,13600,92460,16320,0,0,0,sky130_fd_sc_hd__decap_8,3.240068803533891e-12,0.0
FILLER_1_189,0,0,0,92460,13600,92920,16320,1,0,0,sky130_fd_sc_hd__fill_1,0.0,0.0
FILLER_1_27,0,1,0,17940,13600,23460,16320,0,0,0,sky130_ef_sc_hd__decap_12,0.0,0.0
FILLER_1_3,0,1,0,6900,13600,12420,16320,0,0,0,sky130_ef_sc_hd__decap_12,0.0,0.0
FILLER_1_39,0,1,0,23460,13600,28980,16320,0,0,0,sky130_ef_sc_hd__decap_12,0.0,0.0
FILLER_1_51,0,0,0,28980,13600,30820,16320,0,0,0,sky130_fd_sc_hd__decap_4,3.2400438668839238e-12,0.0
FILLER_1_55,0,0,0,30820,13600,31280,16320,1,0,0,sky130_fd_sc_hd__fill_1,0.0,0.0
FILLER_1_57,0,1,0,31740,13600,37260,16320,0,0,0,sky130_ef_sc_hd__decap_12,0.0,0.0
FILLER_1_69,0,1,0,37260,13600,42780,16320,0,0,0,sky130_ef_sc_hd__decap_12,0.0,0.0
FILLER_1_81,0,1,0,42780,13600,48300,16320,0,0,0,sky130_ef_sc_hd__decap_12,0.0,0.0
FILLER_20_109,0,1,0,55660,65280,61180,68000,0,0,0,sky130_ef_sc_hd__decap_12,0.0,0.0
FILLER_20_121,0,1,0,61180,65280,66700,68000,0,0,0,sky130_ef_sc_hd__decap_12,0.0,0.0
FILLER_20_133,0,0,0,66700,65280,69460,68000,0,0,0,sky130_fd_sc_hd__decap_6,3.2400560099482556e-12,0.0
FILLER_20_139,0,0,0,69460,65280,69920,68000,1,0,0,sky130_fd_sc_hd__fill_1,0.0,0.0
FILLER_20_141,0,1,0,70380,65280,75900,68000,0,0,0,sky130_ef_sc_hd__decap_12,0.0,0.0
FILLER_20_15,0,1,0,12420,65280,17940,68000,0,0,0,sky130_ef_sc_hd__decap_12,0.0,0.0
FILLER_20_153,0,1,0,75900,65280,81420,68000,0,0,0,sky130_ef_sc_hd__decap_12,0.0,0.0
FILLER_20_165,0,1,0,81420,65280,86940,68000,0,0,0,sky130_ef_sc_hd__decap_12,0.0,0.0
FILLER_20_177,0,1,0,86940,65280,92460,68000,0,0,0,sky130_ef_sc_hd__decap_12,0.0,0.0
FILLER_20_189,0,0,0,92460,65280,92920,68000,1,0,0,sky130_fd_sc_hd__fill_1,0.0,0.0
FILLER_20_27,0,0,0,17940,65280,18400,68000,1,0,0,sky130_fd_sc_hd__fill_1,0.0,0.0
FILLER_20_29,0,1,0,18860,65280,24380,68000,0,0,0,sky130_ef_sc_hd__decap_12,0.0,0.0
FILLER_20_3,0,1,0,6900,65280,12420,68000,0,0,0,sky130_ef_sc_hd__decap_12,0.0,0.0
FILLER_20_41,0,1,0,24380,65280,29900,68000,0,0,0,sky130_ef_sc_hd__decap_12,0.0,0.0
FILLER_20_53,0,1,0,29900,65280,35420,68000,0,0,0,sky130_ef_sc_hd__decap_12,0.0,0.0
FILLER_20_65,0,1,0,35420,65280,40940,68000,0,0,0,sky130_ef_sc_hd__decap_12,0.0,0.0
FILLER_20_77,0,0,0,40940,65280,43700,68000,0,0,0,sky130_fd_sc_hd__decap_6,3.2400560099482556e-12,0.0
FILLER_20_83,0,0,0,43700,65280,44160,68000,1,0,0,sky130_fd_sc_hd__fill_1,0.0,0.0
FILLER_20_85,0,1,0,44620,65280,50140,68000,0,0,0,sky130_ef_sc_hd__decap_12,0.0,0.0
FILLER_20_97,0,1,0,50140,65280,55660,68000,0,0,0,sky130_ef_sc_hd__decap_12,0.0,0.0
FILLER_21_105,0,0,0,53820,68000,56580,70720,0,0,0,sky130_fd_sc_hd__decap_6,3.2400560099482556e-12,0.0
FILLER_21_111,0,0,0,56580,68000,57040,70720,1,0,0,sky130_fd_sc_hd__fill_1,0.0,0.0
FILLER_21_113,0,1,0,57500,68000,63020,70720,0,0,0,sky130_ef_sc_hd__decap_12,0.0,0.0
FILLER_21_125,0,1,0,63020,68000,68540,70720,0,0,0,sky130_ef_sc_hd__decap_12,0.0,0.0
FILLER_21_137,0,1,0,68540,68000,74060,70720,0,0,0,sky130_ef_sc_hd__decap_12,0.0,0.0
FILLER_21_149,0,1,0,74060,68000,79580,70720,0,0,0,sky130_ef_sc_hd__decap_12,0.0,0.0
FILLER_21_15,0,1,0,12420,68000,17940,70720,0,0,0,sky130_ef_sc_hd__decap_12,0.0,0.0
FILLER_21_161,0,0,0,79580,68000,82340,70720,0,0,0,sky130_fd_sc_hd__decap_6,3.2400560099482556e-12,0.0
FILLER_21_167,0,0,0,82340,68000,82800,70720,1,0,0,sky130_fd_sc_hd__fill_1,0.0,0.0
FILLER_21_169,0,1,0,83260,68000,88780,70720,0,0,0,sky130_ef_sc_hd__decap_12,0.0,0.0
FILLER_21_181,0,0,0,88780,68000,92460,70720,0,0,0,sky130_fd_sc_hd__decap_8,3.240068803533891e-12,0.0
FILLER_21_189,0,0,0,92460,68000,92920,70720,1,0,0,sky130_fd_sc_hd__fill_1,0.0,0.0
FILLER_21_27,0,1,0,17940,68000,23460,70720,0,0,0,sky130_ef_sc_hd__decap_12,0.0,0.0
FILLER_21_3,0,1,0,6900,68000,12420,70720,0,0,0,sky130_ef_sc_hd__decap_12,0.0,0.0
FILLER_21_39,0,1,0,23460,68000,28980,70720,0,0,0,sky130_ef_sc_hd__decap_12,0.0,0.0
FILLER_21_51,0,0,0,28980,68000,30820,70720,0,0,0,sky130_fd_sc_hd__decap_4,3.2400438668839238e-12,0.0
FILLER_21_55,0,0,0,30820,68000,31280,70720,1,0,0,sky130_fd_sc_hd__fill_1,0.0,0.0
FILLER_21_57,0,1,0,31740,68000,37260,70720,0,0,0,sky130_ef_sc_hd__decap_12,0.0,0.0
FILLER_21_69,0,1,0,37260,68000,42780,70720,0,0,0,sky130_ef_sc_hd__decap_12,0.0,0.0
FILLER_21_81,0,1,0,42780,68000,48300,70720,0,0,0,sky130_ef_sc_hd__decap_12,0.0,0.0
FILLER_21_93,0,1,0,48300,68000,53820,70720,0,0,0,sky130_ef_sc_hd__decap_12,0.0,0.0
FILLER_22_109,0,1,0,55660,70720,61180,73440,0,0,0,sky130_ef_sc_hd__decap_12,0.0,0.0
FILLER_22_121,0,1,0,61180,70720,66700,73440,0,0,0,sky130_ef_sc_hd__decap_12,0.0,0.0
FILLER_22_133,0,0,0,66700,70720,69460,73440,0,0,0,sky130_fd_sc_hd__decap_6,3.2400560099482556e-12,0.0
FILLER_22_139,0,0,0,69460,70720,69920,73440,1,0,0,sky130_fd_sc_hd__fill_1,0.0,0.0
FILLER_22_141,0,1,0,70380,70720,75900,73440,0,0,0,sky130_ef_sc_hd__decap_12,0.0,0.0
FILLER_22_15,0,1,0,12420,70720,17940,73440,0,0,0,sky130_ef_sc_hd__decap_12,0.0,0.0
FILLER_22_153,0,1,0,75900,70720,81420,73440,0,0,0,sky130_ef_sc_hd__decap_12,0.0,0.0
FILLER_22_165,0,1,0,81420,70720,86940,73440,0,0,0,sky130_ef_sc_hd__decap_12,0.0,0.0
FILLER_22_177,0,1,0,86940,70720,92460,73440,0,0,0,sky130_ef_sc_hd__decap_12,0.0,0.0
FILLER_22_189,0,0,0,92460,70720,92920,73440,1,0,0,sky130_fd_sc_hd__fill_1,0.0,0.0
FILLER_22_27,0,0,0,17940,70720,18400,73440,1,0,0,sky130_fd_sc_hd__fill_1,0.0,0.0
FILLER_22_29,0,1,0,18860,70720,24380,73440,0,0,0,sky130_ef_sc_hd__decap_12,0.0,0.0
FILLER_22_3,0,1,0,6900,70720,12420,73440,0,0,0,sky130_ef_sc_hd__decap_12,0.0,0.0
FILLER_22_41,0,1,0,24380,70720,29900,73440,0,0,0,sky130_ef_sc_hd__decap_12,0.0,0.0
FILLER_22_53,0,1,0,29900,70720,35420,73440,0,0,0,sky130_ef_sc_hd__decap_12,0.0,0.0
FILLER_22_65,0,1,0,35420,70720,40940,73440,0,0,0,sky130_ef_sc_hd__decap_12,0.0,0.0
FILLER_22_77,0,0,0,40940,70720,43700,73440,0,0,0,sky130_fd_sc_hd__decap_6,3.2400560099482556e-12,0.0
FILLER_22_83,0,0,0,43700,70720,44160,73440,1,0,0,sky130_fd_sc_hd__fill_1,0.0,0.0
FILLER_22_85,0,1,0,44620,70720,50140,73440,0,0,0,sky130_ef_sc_hd__decap_12,0.0,0.0
FILLER_22_97,0,1,0,50140,70720,55660,73440,0,0,0,sky130_ef_sc_hd__decap_12,0.0,0.0
FILLER_23_105,0,0,0,53820,73440,56580,76160,0,0,0,sky130_fd_sc_hd__decap_6,3.2400560099482556e-12,0.0
FILLER_23_111,0,0,0,56580,73440,57040,76160,1,0,0,sky130_fd_sc_hd__fill_1,0.0,0.0
FILLER_23_113,0,1,0,57500,73440,63020,76160,0,0,0,sky130_ef_sc_hd__decap_12,0.0,0.0
FILLER_23_125,0,1,0,63020,73440,68540,76160,0,0,0,sky130_ef_sc_hd__decap_12,0.0,0.0
FILLER_23_137,0,1,0,68540,73440,74060,76160,0,0,0,sky130_ef_sc_hd__decap_12,0.0,0.0
FILLER_23_149,0,1,0,74060,73440,79580,76160,0,0,0,sky130_ef_sc_hd__decap_12,0.0,0.0
FILLER_23_15,0,1,0,12420,73440,17940,76160,0,0,0,sky130_ef_sc_hd__decap_12,0.0,0.0
FILLER_23_161,0,0,0,79580,73440,82340,76160,0,0,0,sky130_fd_sc_hd__decap_6,3.2400560099482556e-12,0.0
FILLER_23_167,0,0,0,82340,73440,82800,76160,1,0,0,sky130_fd_sc_hd__fill_1,0.0,0.0
FILLER_23_169,0,1,0,83260,73440,88780,76160,0,0,0,sky130_ef_sc_hd__decap_12,0.0,0.0
FILLER_23_181,0,0,0,88780,73440,92460,76160,0,0,0,sky130_fd_sc_hd__decap_8,3.240068803533891e-12,0.0
FILLER_23_189,0,0,0,92460,73440,92920,76160,1,0,0,sky130_fd_sc_hd__fill_1,0.0,0.0
FILLER_23_27,0,1,0,17940,73440,23460,76160,0,0,0,sky130_ef_sc_hd__decap_12,0.0,0.0
FILLER_23_3,0,1,0,6900,73440,12420,76160,0,0,0,sky130_ef_sc_hd__decap_12,0.0,0.0
FILLER_23_39,0,1,0,23460,73440,28980,76160,0,0,0,sky130_ef_sc_hd__decap_12,0.0,0.0
FILLER_23_51,0,0,0,28980,73440,30820,76160,0,0,0,sky130_fd_sc_hd__decap_4,3.2400438668839238e-12,0.0
FILLER_23_55,0,0,0,30820,73440,31280,76160,1,0,0,sky130_fd_sc_hd__fill_1,0.0,0.0
FILLER_23_57,0,1,0,31740,73440,37260,76160,0,0,0,sky130_ef_sc_hd__decap_12,0.0,0.0
FILLER_23_69,0,1,0,37260,73440,42780,76160,0,0,0,sky130_ef_sc_hd__decap_12,0.0,0.0
FILLER_23_81,0,1,0,42780,73440,48300,76160,0,0,0,sky130_ef_sc_hd__decap_12,0.0,0.0
FILLER_23_93,0,1,0,48300,73440,53820,76160,0,0,0,sky130_ef_sc_hd__decap_12,0.0,0.0
FILLER_24_109,0,1,0,55660,76160,61180,78880,0,0,0,sky130_ef_sc_hd__decap_12,0.0,0.0
FILLER_24_121,0,1,0,61180,76160,66700,78880,0,0,0,sky130_ef_sc_hd__decap_12,0.0,0.0
FILLER_24_133,0,0,0,66700,76160,69460,78880,0,0,0,sky130_fd_sc_hd__decap_6,3.2400560099482556e-12,0.0
FILLER_24_139,0,0,0,69460,76160,69920,78880,1,0,0,sky130_fd_sc_hd__fill_1,0.0,0.0
FILLER_24_141,0,1,0,70380,76160,75900,78880,0,0,0,sky130_ef_sc_hd__decap_12,0.0,0.0
FILLER_24_15,0,1,0,12420,76160,17940,78880,0,0,0,sky130_ef_sc_hd__decap_12,0.0,0.0
FILLER_24_153,0,1,0,75900,76160,81420,78880,0,0,0,sky130_ef_sc_hd__decap_12,0.0,0.0
FILLER_24_165,0,1,0,81420,76160,86940,78880,0,0,0,sky130_ef_sc_hd__decap_12,0.0,0.0
FILLER_24_177,0,1,0,86940,76160,92460,78880,0,0,0,sky130_ef_sc_hd__decap_12,0.0,0.0
FILLER_24_189,0,0,0,92460,76160,92920,78880,1,0,0,sky130_fd_sc_hd__fill_1,0.0,0.0
FILLER_24_27,0,0,0,17940,76160,18400,78880,1,0,0,sky130_fd_sc_hd__fill_1,0.0,0.0
FILLER_24_29,0,1,0,18860,76160,24380,78880,0,0,0,sky130_ef_sc_hd__decap_12,0.0,0.0
FILLER_24_3,0,1,0,6900,76160,12420,78880,0,0,0,sky130_ef_sc_hd__decap_12,0.0,0.0
FILLER_24_41,0,1,0,24380,76160,29900,78880,0,0,0,sky130_ef_sc_hd__decap_12,0.0,0.0
FILLER_24_53,0,1,0,29900,76160,35420,78880,0,0,0,sky130_ef_sc_hd__decap_12,0.0,0.0
FILLER_24_65,0,1,0,35420,76160,40940,78880,0,0,0,sky130_ef_sc_hd__decap_12,0.0,0.0
FILLER_24_77,0,0,0,40940,76160,43700,78880,0,0,0,sky130_fd_sc_hd__decap_6,3.2400560099482556e-12,0.0
FILLER_24_83,0,0,0,43700,76160,44160,78880,1,0,0,sky130_fd_sc_hd__fill_1,0.0,0.0
FILLER_24_85,0,1,0,44620,76160,50140,78880,0,0,0,sky130_ef_sc_hd__decap_12,0.0,0.0
FILLER_24_97,0,1,0,50140,76160,55660,78880,0,0,0,sky130_ef_sc_hd__decap_12,0.0,0.0
FILLER_25_105,0,0,0,53820,78880,56580,81600,0,0,0,sky130_fd_sc_hd__decap_6,3.2400560099482556e-12,0.0
FILLER_25_111,0,0,0,56580,78880,57040,81600,1,0,0,sky130_fd_sc_hd__fill_1,0.0,0.0
FILLER_25_113,0,1,0,57500,78880,63020,81600,0,0,0,sky130_ef_sc_hd__decap_12,0.0,0.0
FILLER_25_125,0,1,0,63020,78880,68540,81600,0,0,0,sky130_ef_sc_hd__decap_12,0.0,0.0
FILLER_25_137,0,1,0,68540,78880,74060,81600,0,0,0,sky130_ef_sc_hd__decap_12,0.0,0.0
FILLER_25_149,0,1,0,74060,78880,79580,81600,0,0,0,sky130_ef_sc_hd__decap_12,0.0,0.0
FILLER_25_15,0,1,0,12420,78880,17940,81600,0,0,0,sky130_ef_sc_hd__decap_12,0.0,0.0
FILLER_25_161,0,0,0,79580,78880,82340,81600,0,0,0,sky130_fd_sc_hd__decap_6,3.2400560099482556e-12,0.0
FILLER_25_167,0,0,0,82340,78880,82800,81600,1,0,0,sky130_fd_sc_hd__fill_1,0.0,0.0
FILLER_25_169,0,1,0,83260,78880,88780,81600,0,0,0,sky130_ef_sc_hd__decap_12,0.0,0.0
FILLER_25_181,0,0,0,88780,78880,92460,81600,0,0,0,sky130_fd_sc_hd__decap_8,3.240068803533891e-12,0.0
FILLER_25_189,0,0,0,92460,78880,92920,81600,1,0,0,sky130_fd_sc_hd__fill_1,0.0,0.0
FILLER_25_27,0,1,0,17940,78880,23460,81600,0,0,0,sky130_ef_sc_hd__decap_12,0.0,0.0
FILLER_25_3,0,1,0,6900,78880,12420,81600,0,0,0,sky130_ef_sc_hd__decap_12,0.0,0.0
FILLER_25_39,0,1,0,23460,78880,28980,81600,0,0,0,sky130_ef_sc_hd__decap_12,0.0,0.0
FILLER_25_51,0,0,0,28980,78880,30820,81600,0,0,0,sky130_fd_sc_hd__decap_4,3.2400438668839238e-12,0.0
FILLER_25_55,0,0,0,30820,78880,31280,81600,1,0,0,sky130_fd_sc_hd__fill_1,0.0,0.0
FILLER_25_57,0,1,0,31740,78880,37260,81600,0,0,0,sky130_ef_sc_hd__decap_12,0.0,0.0
FILLER_25_69,0,1,0,37260,78880,42780,81600,0,0,0,sky130_ef_sc_hd__decap_12,0.0,0.0
FILLER_25_81,0,1,0,42780,78880,48300,81600,0,0,0,sky130_ef_sc_hd__decap_12,0.0,0.0
FILLER_25_93,0,1,0,48300,78880,53820,81600,0,0,0,sky130_ef_sc_hd__decap_12,0.0,0.0
FILLER_26_109,0,1,0,55660,81600,61180,84320,0,0,0,sky130_ef_sc_hd__decap_12,0.0,0.0
FILLER_26_121,0,1,0,61180,81600,66700,84320,0,0,0,sky130_ef_sc_hd__decap_12,0.0,0.0
FILLER_26_133,0,0,0,66700,81600,69460,84320,0,0,0,sky130_fd_sc_hd__decap_6,3.2400560099482556e-12,0.0
FILLER_26_139,0,0,0,69460,81600,69920,84320,1,0,0,sky130_fd_sc_hd__fill_1,0.0,0.0
FILLER_26_141,0,1,0,70380,81600,75900,84320,0,0,0,sky130_ef_sc_hd__decap_12,0.0,0.0
FILLER_26_15,0,1,0,12420,81600,17940,84320,0,0,0,sky130_ef_sc_hd__decap_12,0.0,0.0
FILLER_26_153,0,1,0,75900,81600,81420,84320,0,0,0,sky130_ef_sc_hd__decap_12,0.0,0.0
FILLER_26_165,0,1,0,81420,81600,86940,84320,0,0,0,sky130_ef_sc_hd__decap_12,0.0,0.0
FILLER_26_177,0,1,0,86940,81600,92460,84320,0,0,0,sky130_ef_sc_hd__decap_12,0.0,0.0
FILLER_26_189,0,0,0,92460,81600,92920,84320,1,0,0,sky130_fd_sc_hd__fill_1,0.0,0.0
FILLER_26_27,0,0,0,17940,81600,18400,84320,1,0,0,sky130_fd_sc_hd__fill_1,0.0,0.0
FILLER_26_29,0,1,0,18860,81600,24380,84320,0,0,0,sky130_ef_sc_hd__decap_12,0.0,0.0
FILLER_26_3,0,1,0,6900,81600,12420,84320,0,0,0,sky130_ef_sc_hd__decap_12,0.0,0.0
FILLER_26_41,0,1,0,24380,81600,29900,84320,0,0,0,sky130_ef_sc_hd__decap_12,0.0,0.0
FILLER_26_53,0,1,0,29900,81600,35420,84320,0,0,0,sky130_ef_sc_hd__decap_12,0.0,0.0
FILLER_26_65,0,1,0,35420,81600,40940,84320,0,0,0,sky130_ef_sc_hd__decap_12,0.0,0.0
FILLER_26_77,0,0,0,40940,81600,43700,84320,0,0,0,sky130_fd_sc_hd__decap_6,3.2400560099482556e-12,0.0
FILLER_26_83,0,0,0,43700,81600,44160,84320,1,0,0,sky130_fd_sc_hd__fill_1,0.0,0.0
FILLER_26_85,0,1,0,44620,81600,50140,84320,0,0,0,sky130_ef_sc_hd__decap_12,0.0,0.0
FILLER_26_97,0,1,0,50140,81600,55660,84320,0,0,0,sky130_ef_sc_hd__decap_12,0.0,0.0
FILLER_27_109,0,0,0,55660,84320,57040,87040,0,0,0,sky130_fd_sc_hd__decap_3,3.24003692799002e-12,0.0
FILLER_27_113,0,1,0,57500,84320,63020,87040,0,0,0,sky130_ef_sc_hd__decap_12,0.0,0.0
FILLER_27_125,0,1,0,63020,84320,68540,87040,0,0,0,sky130_ef_sc_hd__decap_12,0.0,0.0
FILLER_27_137,0,0,0,68540,84320,69920,87040,0,0,0,sky130_fd_sc_hd__decap_3,3.24003692799002e-12,0.0
FILLER_27_141,0,1,0,70380,84320,75900,87040,0,0,0,sky130_ef_sc_hd__decap_12,0.0,0.0
FILLER_27_15,0,1,0,12420,84320,17940,87040,0,0,0,sky130_ef_sc_hd__decap_12,0.0,0.0
FILLER_27_153,0,1,0,75900,84320,81420,87040,0,0,0,sky130_ef_sc_hd__decap_12,0.0,0.0
FILLER_27_165,0,0,0,81420,84320,82800,87040,0,0,0,sky130_fd_sc_hd__decap_3,3.24003692799002e-12,0.0
FILLER_27_169,0,1,0,83260,84320,88780,87040,0,0,0,sky130_ef_sc_hd__decap_12,0.0,0.0
FILLER_27_181,0,0,0,88780,84320,92460,87040,0,0,0,sky130_fd_sc_hd__decap_8,3.240068803533891e-12,0.0
FILLER_27_189,0,0,0,92460,84320,92920,87040,1,0,0,sky130_fd_sc_hd__fill_1,0.0,0.0
FILLER_27_27,0,0,0,17940,84320,18400,87040,1,0,0,sky130_fd_sc_hd__fill_1,0.0,0.0
FILLER_27_29,0,1,0,18860,84320,24380,87040,0,0,0,sky130_ef_sc_hd__decap_12,0.0,0.0
FILLER_27_3,0,1,0,6900,84320,12420,87040,0,0,0,sky130_ef_sc_hd__decap_12,0.0,0.0
FILLER_27_41,0,1,0,24380,84320,29900,87040,0,0,0,sky130_ef_sc_hd__decap_12,0.0,0.0
FILLER_27_53,0,0,0,29900,84320,31280,87040,0,0,0,sky130_fd_sc_hd__decap_3,3.24003692799002e-12,0.0
FILLER_27_57,0,1,0,31740,84320,37260,87040,0,0,0,sky130_ef_sc_hd__decap_12,0.0,0.0
FILLER_27_69,0,1,0,37260,84320,42780,87040,0,0,0,sky130_ef_sc_hd__decap_12,0.0,0.0
FILLER_27_81,0,0,0,42780,84320,44160,87040,0,0,0,sky130_fd_sc_hd__decap_3,3.24003692799002e-12,0.0
FILLER_27_85,0,1,0,44620,84320,50140,87040,0,0,0,sky130_ef_sc_hd__decap_12,0.0,0.0
FILLER_27_97,0,1,0,50140,84320,55660,87040,0,0,0,sky130_ef_sc_hd__decap_12,0.0,0.0
FILLER_2_109,0,1,0,55660,16320,61180,19040,0,0,0,sky130_ef_sc_hd__decap_12,0.0,0.0
FILLER_2_121,0,1,0,61180,16320,66700,19040,0,0,0,sky130_ef_sc_hd__decap_12,0.0,0.0
FILLER_2_133,0,0,0,66700,16320,69460,19040,0,0,0,sky130_fd_sc_hd__decap_6,3.2400560099482556e-12,0.0
FILLER_2_139,0,0,0,69460,16320,69920,19040,1,0,0,sky130_fd_sc_hd__fill_1,0.0,0.0
FILLER_2_141,0,1,0,70380,16320,75900,19040,0,0,0,sky130_ef_sc_hd__decap_12,0.0,0.0
FILLER_2_15,0,1,0,12420,16320,17940,19040,0,0,0,sky130_ef_sc_hd__decap_12,0.0,0.0
FILLER_2_153,0,1,0,75900,16320,81420,19040,0,0,0,sky130_ef_sc_hd__decap_12,0.0,0.0
FILLER_2_165,0,1,0,81420,16320,86940,19040,0,0,0,sky130_ef_sc_hd__decap_12,0.0,0.0
FILLER_2_177,0,1,0,86940,16320,92460,19040,0,0,0,sky130_ef_sc_hd__decap_12,0.0,0.0
FILLER_2_189,0,0,0,92460,16320,92920,19040,1,0,0,sky130_fd_sc_hd__fill_1,0.0,0.0
FILLER_2_27,0,0,0,17940,16320,18400,19040,1,0,0,sky130_fd_sc_hd__fill_1,0.0,0.0
FILLER_2_29,0,1,0,18860,16320,24380,19040,0,0,0,sky130_ef_sc_hd__decap_12,0.0,0.0
FILLER_2_3,0,1,0,6900,16320,12420,19040,0,0,0,sky130_ef_sc_hd__decap_12,0.0,0.0
FILLER_2_41,0,1,0,24380,16320,29900,19040,0,0,0,sky130_ef_sc_hd__decap_12,0.0,0.0
FILLER_2_53,0,1,0,29900,16320,35420,19040,0,0,0,sky130_ef_sc_hd__decap_12,0.0,0.0
FILLER_2_65,0,1,0,35420,16320,40940,19040,0,0,0,sky130_ef_sc_hd__decap_12,0.0,0.0
FILLER_2_77,0,0,0,40940,16320,43700,19040,0,0,0,sky130_fd_sc_hd__decap_6,3.2400560099482556e-12,0.0
FILLER_2_83,0,0,0,43700,16320,44160,19040,1,0,0,sky130_fd_sc_hd__fill_1,0.0,0.0
FILLER_2_85,0,1,0,44620,16320,50140,19040,0,0,0,sky130_ef_sc_hd__decap_12,0.0,0.0
FILLER_2_97,0,1,0,50140,16320,55660,19040,0,0,0,sky130_ef_sc_hd__decap_12,0.0,0.0
FILLER_3_105,0,0,0,53820,19040,56580,21760,0,0,0,sky130_fd_sc_hd__decap_6,3.2400560099482556e-12,0.0
FILLER_3_111,0,0,0,56580,19040,57040,21760,1,0,0,sky130_fd_sc_hd__fill_1,0.0,0.0
FILLER_3_113,0,1,0,57500,19040,63020,21760,0,0,0,sky130_ef_sc_hd__decap_12,0.0,0.0
FILLER_3_125,0,1,0,63020,19040,68540,21760,0,0,0,sky130_ef_sc_hd__decap_12,0.0,0.0
FILLER_3_137,0,1,0,68540,19040,74060,21760,0,0,0,sky130_ef_sc_hd__decap_12,0.0,0.0
FILLER_3_149,0,1,0,74060,19040,79580,21760,0,0,0,sky130_ef_sc_hd__decap_12,0.0,0.0
FILLER_3_15,0,1,0,12420,19040,17940,21760,0,0,0,sky130_ef_sc_hd__decap_12,0.0,0.0
FILLER_3_161,0,0,0,79580,19040,82340,21760,0,0,0,sky130_fd_sc_hd__decap_6,3.2400560099482556e-12,0.0
FILLER_3_167,0,0,0,82340,19040,82800,21760,1,0,0,sky130_fd_sc_hd__fill_1,0.0,0.0
FILLER_3_169,0,1,0,83260,19040,88780,21760,0,0,0,sky130_ef_sc_hd__decap_12,0.0,0.0
FILLER_3_181,0,0,0,88780,19040,92460,21760,0,0,0,sky130_fd_sc_hd__decap_8,3.240068803533891e-12,0.0
FILLER_3_189,0,0,0,92460,19040,92920,21760,1,0,0,sky130_fd_sc_hd__fill_1,0.0,0.0
FILLER_3_27,0,1,0,17940,19040,23460,21760,0,0,0,sky130_ef_sc_hd__decap_12,0.0,0.0
FILLER_3_3,0,1,0,6900,19040,12420,21760,0,0,0,sky130_ef_sc_hd__decap_12,0.0,0.0
FILLER_3_39,0,1,0,23460,19040,28980,21760,0,0,0,sky130_ef_sc_hd__decap_12,0.0,0.0
FILLER_3_51,0,0,0,28980,19040,30820,21760,0,0,0,sky130_fd_sc_hd__decap_4,3.2400438668839238e-12,0.0
FILLER_3_55,0,0,0,30820,19040,31280,21760,1,0,0,sky130_fd_sc_hd__fill_1,0.0,0.0
FILLER_3_57,0,1,0,31740,19040,37260,21760,0,0,0,sky130_ef_sc_hd__decap_12,0.0,0.0
FILLER_3_69,0,1,0,37260,19040,42780,21760,0,0,0,sky130_ef_sc_hd__decap_12,0.0,0.0
FILLER_3_81,0,1,0,42780,19040,48300,21760,0,0,0,sky130_ef_sc_hd__decap_12,0.0,0.0
FILLER_3_93,0,1,0,48300,19040,53820,21760,0,0,0,sky130_ef_sc_hd__decap_12,0.0,0.0
FILLER_4_109,0,1,0,55660,21760,61180,24480,0,0,0,sky130_ef_sc_hd__decap_12,0.0,0.0
FILLER_4_121,0,1,0,61180,21760,66700,24480,0,0,0,sky130_ef_sc_hd__decap_12,0.0,0.0
FILLER_4_133,0,0,0,66700,21760,69460,24480,0,0,0,sky130_fd_sc_hd__decap_6,3.2400560099482556e-12,0.0
FILLER_4_139,0,0,0,69460,21760,69920,24480,1,0,0,sky130_fd_sc_hd__fill_1,0.0,0.0
FILLER_4_141,0,1,0,70380,21760,75900,24480,0,0,0,sky130_ef_sc_hd__decap_12,0.0,0.0
FILLER_4_15,0,1,0,12420,21760,17940,24480,0,0,0,sky130_ef_sc_hd__decap_12,0.0,0.0
FILLER_4_153,0,1,0,75900,21760,81420,24480,0,0,0,sky130_ef_sc_hd__decap_12,0.0,0.0
FILLER_4_165,0,1,0,81420,21760,86940,24480,0,0,0,sky130_ef_sc_hd__decap_12,0.0,0.0
FILLER_4_177,0,1,0,86940,21760,92460,24480,0,0,0,sky130_ef_sc_hd__decap_12,0.0,0.0
FILLER_4_189,0,0,0,92460,21760,92920,24480,1,0,0,sky130_fd_sc_hd__fill_1,0.0,0.0
FILLER_4_27,0,0,0,17940,21760,18400,24480,1,0,0,sky130_fd_sc_hd__fill_1,0.0,0.0
FILLER_4_29,0,1,0,18860,21760,24380,24480,0,0,0,sky130_ef_sc_hd__decap_12,0.0,0.0
FILLER_4_3,0,1,0,6900,21760,12420,24480,0,0,0,sky130_ef_sc_hd__decap_12,0.0,0.0
FILLER_4_41,0,1,0,24380,21760,29900,24480,0,0,0,sky130_ef_sc_hd__decap_12,0.0,0.0
FILLER_4_53,0,1,0,29900,21760,35420,24480,0,0,0,sky130_ef_sc_hd__decap_12,0.0,0.0
FILLER_4_65,0,1,0,35420,21760,40940,24480,0,0,0,sky130_ef_sc_hd__decap_12,0.0,0.0
FILLER_4_77,0,0,0,40940,21760,43700,24480,0,0,0,sky130_fd_sc_hd__decap_6,3.2400560099482556e-12,0.0
FILLER_4_83,0,0,0,43700,21760,44160,24480,1,0,0,sky130_fd_sc_hd__fill_1,0.0,0.0
FILLER_4_85,0,1,0,44620,21760,50140,24480,0,0,0,sky130_ef_sc_hd__decap_12,0.0,0.0
FILLER_4_97,0,1,0,50140,21760,55660,24480,0,0,0,sky130_ef_sc_hd__decap_12,0.0,0.0
FILLER_5_105,0,0,0,53820,24480,56580,27200,0,0,0,sky130_fd_sc_hd__decap_6,3.2400560099482556e-12,0.0
FILLER_5_111,0,0,0,56580,24480,57040,27200,1,0,0,sky130_fd_sc_hd__fill_1,0.0,0.0
FILLER_5_113,0,1,0,57500,24480,63020,27200,0,0,0,sky130_ef_sc_hd__decap_12,0.0,0.0
FILLER_5_125,0,1,0,63020,24480,68540,27200,0,0,0,sky130_ef_sc_hd__decap_12,0.0,0.0
FILLER_5_137,0,1,0,68540,24480,74060,27200,0,0,0,sky130_ef_sc_hd__decap_12,0.0,0.0
FILLER_5_149,0,1,0,74060,24480,79580,27200,0,0,0,sky130_ef_sc_hd__decap_12,0.0,0.0
FILLER_5_15,0,1,0,12420,24480,17940,27200,0,0,0,sky130_ef_sc_hd__decap_12,0.0,0.0
FILLER_5_161,0,0,0,79580,24480,82340,27200,0,0,0,sky130_fd_sc_hd__decap_6,3.2400560099482556e-12,0.0
FILLER_5_167,0,0,0,82340,24480,82800,27200,1,0,0,sky130_fd_sc_hd__fill_1,0.0,0.0
FILLER_5_169,0,1,0,83260,24480,88780,27200,0,0,0,sky130_ef_sc_hd__decap_12,0.0,0.0
FILLER_5_181,0,0,0,88780,24480,92460,27200,0,0,0,sky130_fd_sc_hd__decap_8,3.240068803533891e-12,0.0
FILLER_5_189,0,0,0,92460,24480,92920,27200,1,0,0,sky130_fd_sc_hd__fill_1,0.0,0.0
FILLER_5_27,0,1,0,17940,24480,23460,27200,0,0,0,sky130_ef_sc_hd__decap_12,0.0,0.0
FILLER_5_3,0,1,0,6900,24480,12420,27200,0,0,0,sky130_ef_sc_hd__decap_12,0.0,0.0
FILLER_5_39,0,1,0,23460,24480,28980,27200,0,0,0,sky130_ef_sc_hd__decap_12,0.0,0.0
FILLER_5_51,0,0,0,28980,24480,30820,27200,0,0,0,sky130_fd_sc_hd__decap_4,3.2400438668839238e-12,0.0
FILLER_5_55,0,0,0,30820,24480,31280,27200,1,0,0,sky130_fd_sc_hd__fill_1,0.0,0.0
FILLER_5_57,0,1,0,31740,24480,37260,27200,0,0,0,sky130_ef_sc_hd__decap_12,0.0,0.0
FILLER_5_69,0,1,0,37260,24480,42780,27200,0,0,0,sky130_ef_sc_hd__decap_12,0.0,0.0
FILLER_5_81,0,1,0,42780,24480,48300,27200,0,0,0,sky130_ef_sc_hd__decap_12,0.0,0.0
FILLER_5_93,0,1,0,48300,24480,53820,27200,0,0,0,sky130_ef_sc_hd__decap_12,0.0,0.0
FILLER_6_109,0,1,0,55660,27200,61180,29920,0,0,0,sky130_ef_sc_hd__decap_12,0.0,0.0
FILLER_6_121,0,1,0,61180,27200,66700,29920,0,0,0,sky130_ef_sc_hd__decap_12,0.0,0.0
FILLER_6_133,0,0,0,66700,27200,69460,29920,0,0,0,sky130_fd_sc_hd__decap_6,3.2400560099482556e-12,0.0
FILLER_6_139,0,0,0,69460,27200,69920,29920,1,0,0,sky130_fd_sc_hd__fill_1,0.0,0.0
FILLER_6_141,0,1,0,70380,27200,75900,29920,0,0,0,sky130_ef_sc_hd__decap_12,0.0,0.0
FILLER_6_15,0,1,0,12420,27200,17940,29920,0,0,0,sky130_ef_sc_hd__decap_12,0.0,0.0
FILLER_6_153,0,1,0,75900,27200,81420,29920,0,0,0,sky130_ef_sc_hd__decap_12,0.0,0.0
FILLER_6_165,0,1,0,81420,27200,86940,29920,0,0,0,sky130_ef_sc_hd__decap_12,0.0,0.0
FILLER_6_177,0,1,0,86940,27200,92460,29920,0,0,0,sky130_ef_sc_hd__decap_12,0.0,0.0
FILLER_6_189,0,0,0,92460,27200,92920,29920,1,0,0,sky130_fd_sc_hd__fill_1,0.0,0.0
FILLER_6_27,0,0,0,17940,27200,18400,29920,1,0,0,sky130_fd_sc_hd__fill_1,0.0,0.0
FILLER_6_29,0,1,0,18860,27200,24380,29920,0,0,0,sky130_ef_sc_hd__decap_12,0.0,0.0
FILLER_6_3,0,1,0,6900,27200,12420,29920,0,0,0,sky130_ef_sc_hd__decap_12,0.0,0.0
FILLER_6_41,0,1,0,24380,27200,29900,29920,0,0,0,sky130_ef_sc_hd__decap_12,0.0,0.0
FILLER_6_53,0,1,0,29900,27200,35420,29920,0,0,0,sky130_ef_sc_hd__decap_12,0.0,0.0
FILLER_6_65,0,1,0,35420,27200,40940,29920,0,0,0,sky130_ef_sc_hd__decap_12,0.0,0.0
FILLER_6_77,0,0,0,40940,27200,43700,29920,0,0,0,sky130_fd_sc_hd__decap_6,3.2400560099482556e-12,0.0
FILLER_6_83,0,0,0,43700,27200,44160,29920,1,0,0,sky130_fd_sc_hd__fill_1,0.0,0.0
FILLER_6_85,0,1,0,44620,27200,50140,29920,0,0,0,sky130_ef_sc_hd__decap_12,0.0,0.0
FILLER_6_97,0,1,0,50140,27200,55660,29920,0,0,0,sky130_ef_sc_hd__decap_12,0.0,0.0
FILLER_7_105,0,0,0,53820,29920,56580,32640,0,0,0,sky130_fd_sc_hd__decap_6,3.2400560099482556e-12,0.0
FILLER_7_111,0,0,0,56580,29920,57040,32640,1,0,0,sky130_fd_sc_hd__fill_1,0.0,0.0
FILLER_7_113,0,1,0,57500,29920,63020,32640,0,0,0,sky130_ef_sc_hd__decap_12,0.0,0.0
FILLER_7_125,0,1,0,63020,29920,68540,32640,0,0,0,sky130_ef_sc_hd__decap_12,0.0,0.0
FILLER_7_137,0,1,0,68540,29920,74060,32640,0,0,0,sky130_ef_sc_hd__decap_12,0.0,0.0
FILLER_7_149,0,1,0,74060,29920,79580,32640,0,0,0,sky130_ef_sc_hd__decap_12,0.0,0.0
FILLER_7_15,0,1,0,12420,29920,17940,32640,0,0,0,sky130_ef_sc_hd__decap_12,0.0,0.0
FILLER_7_161,0,0,0,79580,29920,82340,32640,0,0,0,sky130_fd_sc_hd__decap_6,3.2400560099482556e-12,0.0
FILLER_7_167,0,0,0,82340,29920,82800,32640,1,0,0,sky130_fd_sc_hd__fill_1,0.0,0.0
FILLER_7_169,0,1,0,83260,29920,88780,32640,0,0,0,sky130_ef_sc_hd__decap_12,0.0,0.0
FILLER_7_181,0,0,0,88780,29920,92460,32640,0,0,0,sky130_fd_sc_hd__decap_8,3.240068803533891e-12,0.0
FILLER_7_189,0,0,0,92460,29920,92920,32640,1,0,0,sky130_fd_sc_hd__fill_1,0.0,0.0
FILLER_7_27,0,1,0,17940,29920,23460,32640,0,0,0,sky130_ef_sc_hd__decap_12,0.0,0.0
FILLER_7_3,0,1,0,6900,29920,12420,32640,0,0,0,sky130_ef_sc_hd__decap_12,0.0,0.0
FILLER_7_39,0,1,0,23460,29920,28980,32640,0,0,0,sky130_ef_sc_hd__decap_12,0.0,0.0
FILLER_7_51,0,0,0,28980,29920,30820,32640,0,0,0,sky130_fd_sc_hd__decap_4,3.2400438668839238e-12,0.0
FILLER_7_55,0,0,0,30820,29920,31280,32640,1,0,0,sky130_fd_sc_hd__fill_1,0.0,0.0
FILLER_7_57,0,1,0,31740,29920,37260,32640,0,0,0,sky130_ef_sc_hd__decap_12,0.0,0.0
FILLER_7_69,0,1,0,37260,29920,42780,32640,0,0,0,sky130_ef_sc_hd__decap_12,0.0,0.0
FILLER_7_81,0,1,0,42780,29920,48300,32640,0,0,0,sky130_ef_sc_hd__decap_12,0.0,0.0
FILLER_7_93,0,1,0,48300,29920,53820,32640,0,0,0,sky130_ef_sc_hd__decap_12,0.0,0.0
FILLER_8_109,0,1,0,55660,32640,61180,35360,0,0,0,sky130_ef_sc_hd__decap_12,0.0,0.0
FILLER_8_121,0,1,0,61180,32640,66700,35360,0,0,0,sky130_ef_sc_hd__decap_12,0.0,0.0
FILLER_8_133,0,0,0,66700,32640,69460,35360,0,0,0,sky130_fd_sc_hd__decap_6,3.2400560099482556e-12,0.0
FILLER_8_139,0,0,0,69460,32640,69920,35360,1,0,0,sky130_fd_sc_hd__fill_1,0.0,0.0
FILLER_8_141,0,1,0,70380,32640,75900,35360,0,0,0,sky130_ef_sc_hd__decap_12,0.0,0.0
FILLER_8_15,0,1,0,12420,32640,17940,35360,0,0,0,sky130_ef_sc_hd__decap_12,0.0,0.0
FILLER_8_153,0,1,0,75900,32640,81420,35360,0,0,0,sky130_ef_sc_hd__decap_12,0.0,0.0
FILLER_8_165,0,1,0,81420,32640,86940,35360,0,0,0,sky130_ef_sc_hd__decap_12,0.0,0.0
FILLER_8_177,0,1,0,86940,32640,92460,35360,0,0,0,sky130_ef_sc_hd__decap_12,0.0,0.0
FILLER_8_189,0,0,0,92460,32640,92920,35360,1,0,0,sky130_fd_sc_hd__fill_1,0.0,0.0
FILLER_8_27,0,0,0,17940,32640,18400,35360,1,0,0,sky130_fd_sc_hd__fill_1,0.0,0.0
FILLER_8_29,0,1,0,18860,32640,24380,35360,0,0,0,sky130_ef_sc_hd__decap_12,0.0,0.0
FILLER_8_3,0,1,0,6900,32640,12420,35360,0,0,0,sky130_ef_sc_hd__decap_12,0.0,0.0
FILLER_8_41,0,1,0,24380,32640,29900,35360,0,0,0,sky130_ef_sc_hd__decap_12,0.0,0.0
FILLER_8_53,0,1,0,29900,32640,35420,35360,0,0,0,sky130_ef_sc_hd__decap_12,0.0,0.0
FILLER_8_65,0,1,0,35420,32640,40940,35360,0,0,0,sky130_ef_sc_hd__decap_12,0.0,0.0
FILLER_8_77,0,0,0,40940,32640,43700,35360,0,0,0,sky130_fd_sc_hd__decap_6,3.2400560099482556e-12,0.0
FILLER_8_83,0,0,0,43700,32640,44160,35360,1,0,0,sky130_fd_sc_hd__fill_1,0.0,0.0
FILLER_8_85,0,1,0,44620,32640,50140,35360,0,0,0,sky130_ef_sc_hd__decap_12,0.0,0.0
FILLER_8_97,0,1,0,50140,32640,55660,35360,0,0,0,sky130_ef_sc_hd__decap_12,0.0,0.0
FILLER_9_105,0,0,0,53820,35360,56580,38080,0,0,0,sky130_fd_sc_hd__decap_6,3.2400560099482556e-12,0.0
FILLER_9_111,0,0,0,56580,35360,57040,38080,1,0,0,sky130_fd_sc_hd__fill_1,0.0,0.0
FILLER_9_113,0,1,0,57500,35360,63020,38080,0,0,0,sky130_ef_sc_hd__decap_12,0.0,0.0
FILLER_9_125,0,1,0,63020,35360,68540,38080,0,0,0,sky130_ef_sc_hd__decap_12,0.0,0.0
FILLER_9_137,0,1,0,68540,35360,74060,38080,0,0,0,sky130_ef_sc_hd__decap_12,0.0,0.0
FILLER_9_149,0,1,0,74060,35360,79580,38080,0,0,0,sky130_ef_sc_hd__decap_12,0.0,0.0
FILLER_9_15,0,1,0,12420,35360,17940,38080,0,0,0,sky130_ef_sc_hd__decap_12,0.0,0.0
FILLER_9_161,0,0,0,79580,35360,82340,38080,0,0,0,sky130_fd_sc_hd__decap_6,3.2400560099482556e-12,0.0
FILLER_9_167,0,0,0,82340,35360,82800,38080,1,0,0,sky130_fd_sc_hd__fill_1,0.0,0.0
FILLER_9_169,0,1,0,83260,35360,88780,38080,0,0,0,sky130_ef_sc_hd__decap_12,0.0,0.0
FILLER_9_181,0,0,0,88780,35360,92460,38080,0,0,0,sky130_fd_sc_hd__decap_8,3.240068803533891e-12,0.0
FILLER_9_189,0,0,0,92460,35360,92920,38080,1,0,0,sky130_fd_sc_hd__fill_1,0.0,0.0
FILLER_9_27,0,1,0,17940,35360,23460,38080,0,0,0,sky130_ef_sc_hd__decap_12,0.0,0.0
FILLER_9_3,0,1,0,6900,35360,12420,38080,0,0,0,sky130_ef_sc_hd__decap_12,0.0,0.0
FILLER_9_39,0,1,0,23460,35360,28980,38080,0,0,0,sky130_ef_sc_hd__decap_12,0.0,0.0
FILLER_9_51,0,0,0,28980,35360,30820,38080,0,0,0,sky130_fd_sc_hd__decap_4,3.2400438668839238e-12,0.0
FILLER_9_55,0,0,0,30820,35360,31280,38080,1,0,0,sky130_fd_sc_hd__fill_1,0.0,0.0
FILLER_9_57,0,1,0,31740,35360,37260,38080,0,0,0,sky130_ef_sc_hd__decap_12,0.0,0.0
FILLER_9_69,0,1,0,37260,35360,42780,38080,0,0,0,sky130_ef_sc_hd__decap_12,0.0,0.0
FILLER_9_81,0,1,0,42780,35360,48300,38080,0,0,0,sky130_ef_sc_hd__decap_12,0.0,0.0
FILLER_9_93,0,1,0,48300,35360,53820,38080,0,0,0,sky130_ef_sc_hd__decap_12,0.0,0.0
PHY_EDGE_ROW_0_Left_28,0,0,0,5520,10880,6900,13600,0,0,0,sky130_fd_sc_hd__decap_3,3.24003692799002e-12,0.0
PHY_EDGE_ROW_0_Right_0,0,0,0,92920,10880,94300,13600,0,0,0,sky130_fd_sc_hd__decap_3,3.24003692799002e-12,0.0
PHY_EDGE_ROW_10_Left_38,0,0,0,5520,38080,6900,40800,0,0,0,sky130_fd_sc_hd__decap_3,3.24003692799002e-12,0.0
PHY_EDGE_ROW_10_Right_10,0,0,0,92920,38080,94300,40800,0,0,0,sky130_fd_sc_hd__decap_3,3.24003692799002e-12,0.0
PHY_EDGE_ROW_11_Left_39,0,0,0,5520,40800,6900,43520,0,0,0,sky130_fd_sc_hd__decap_3,3.24003692799002e-12,0.0
PHY_EDGE_ROW_11_Right_11,0,0,0,92920,40800,94300,43520,0,0,0,sky130_fd_sc_hd__decap_3,3.24003692799002e-12,0.0
PHY_EDGE_ROW_12_Left_40,0,0,0,5520,43520,6900,46240,0,0,0,sky130_fd_sc_hd__decap_3,3.24003692799002e-12,0.0
PHY_EDGE_ROW_12_Right_12,0,0,0,92920,43520,94300,46240,0,0,0,sky130_fd_sc_hd__decap_3,3.24003692799002e-12,0.0
PHY_EDGE_ROW_13_Left_41,0,0,0,5520,46240,6900,48960,0,0,0,sky130_fd_sc_hd__decap_3,3.24003692799002e-12,0.0
PHY_EDGE_ROW_13_Right_13,0,0,0,92920,46240,94300,48960,0,0,0,sky130_fd_sc_hd__decap_3,3.24003692799002e-12,0.0
PHY_EDGE_ROW_14_Left_42,0,0,0,5520,48960,6900,51680,0,0,0,sky130_fd_sc_hd__decap_3,3.24003692799002e-12,0.0
PHY_EDGE_ROW_14_Right_14,0,0,0,92920,48960,94300,51680,0,0,0,sky130_fd_sc_hd__decap_3,3.24003692799002e-12,0.0
PHY_EDGE_ROW_15_Left_43,0,0,0,5520,51680,6900,54400,0,0,0,sky130_fd_sc_hd__decap_3,3.24003692799002e-12,0.0
PHY_EDGE_ROW_15_Right_15,0,0,0,92920,51680,94300,54400,0,0,0,sky130_fd_sc_hd__decap_3,3.24003692799002e-12,0.0
PHY_EDGE_ROW_16_Left_44,0,0,0,5520,54400,6900,57120,0,0,0,sky130_fd_sc_hd__decap_3,3.24003692799002e-12,0.0
PHY_EDGE_ROW_16_Right_16,0,0,0,92920,54400,94300,57120,0,0,0,sky130_fd_sc_hd__decap_3,3.24003692799002e-12,0.0
PHY_EDGE_ROW_17_Left_45,0,0,0,5520,57120,6900,59840,0,0,0,sky130_fd_sc_hd__decap_3,3.24003692799002e-12,0.0
PHY_EDGE_ROW_17_Right_17,0,0,0,92920,57120,94300,59840,0,0,0,sky130_fd_sc_hd__decap_3,3.24003692799002e-12,0.0
PHY_EDGE_ROW_18_Left_46,0,0,0,5520,59840,6900,62560,0,0,0,sky130_fd_sc_hd__decap_3,3.24003692799002e-12,0.0
PHY_EDGE_ROW_18_Right_18,0,0,0,92920,59840,94300,62560,0,0,0,sky130_fd_sc_hd__decap_3,3.24003692799002e-12,0.0
PHY_EDGE_ROW_19_Left_47,0,0,0,5520,62560,6900,65280,0,0,0,sky130_fd_sc_hd__decap_3,3.24003692799002e-12,0.0
PHY_EDGE_ROW_19_Right_19,0,0,0,92920,62560,94300,65280,0,0,0,sky130_fd_sc_hd__decap_3,3.24003692799002e-12,0.0
PHY_EDGE_ROW_1_Left_29,0,0,0,5520,13600,6900,16320,0,0,0,sky130_fd_sc_hd__decap_3,3.24003692799002e-12,0.0
PHY_EDGE_ROW_1_Right_1,0,0,0,92920,13600,94300,16320,0,0,0,sky130_fd_sc_hd__decap_3,3.24003692799002e-12,0.0
PHY_EDGE_ROW_20_Left_48,0,0,0,5520,65280,6900,68000,0,0,0,sky130_fd_sc_hd__decap_3,3.24003692799002e-12,0.0
PHY_EDGE_ROW_20_Right_20,0,0,0,92920,65280,94300,68000,0,0,0,sky130_fd_sc_hd__decap_3,3.24003692799002e-12,0.0
PHY_EDGE_ROW_21_Left_49,0,0,0,5520,68000,6900,70720,0,0,0,sky130_fd_sc_hd__decap_3,3.24003692799002e-12,0.0
PHY_EDGE_ROW_21_Right_21,0,0,0,92920,68000,94300,70720,0,0,0,sky130_fd_sc_hd__decap_3,3.24003692799002e-12,0.0
PHY_EDGE_ROW_22_Left_50,0,0,0,5520,70720,6900,73440,0,0,0,sky130_fd_sc_hd__decap_3,3.24003692799002e-12,0.0
PHY_EDGE_ROW_22_Right_22,0,0,0,92920,70720,94300,73440,0,0,0,sky130_fd_sc_hd__decap_3,3.24003692799002e-12,0.0
PHY_EDGE_ROW_23_Left_51,0,0,0,5520,73440,6900,76160,0,0,0,sky130_fd_sc_hd__decap_3,3.24003692799002e-12,0.0
PHY_EDGE_ROW_23_Right_23,0,0,0,92920,73440,94300,76160,0,0,0,sky130_fd_sc_hd__decap_3,3.24003692799002e-12,0.0
PHY_EDGE_ROW_24_Left_52,0,0,0,5520,76160,6900,78880,0,0,0,sky130_fd_sc_hd__decap_3,3.24003692799002e-12,0.0
PHY_EDGE_ROW_24_Right_24,0,0,0,92920,76160,94300,78880,0,0,0,sky130_fd_sc_hd__decap_3,3.24003692799002e-12,0.0
PHY_EDGE_ROW_25_Left_53,0,0,0,5520,78880,6900,81600,0,0,0,sky130_fd_sc_hd__decap_3,3.24003692799002e-12,0.0
PHY_EDGE_ROW_25_Right_25,0,0,0,92920,78880,94300,81600,0,0,0,sky130_fd_sc_hd__decap_3,3.24003692799002e-12,0.0
PHY_EDGE_ROW_26_Left_54,0,0,0,5520,81600,6900,84320,0,0,0,sky130_fd_sc_hd__decap_3,3.24003692799002e-12,0.0
PHY_EDGE_ROW_26_Right_26,0,0,0,92920,81600,94300,84320,0,0,0,sky130_fd_sc_hd__decap_3,3.24003692799002e-12,0.0
PHY_EDGE_ROW_27_Left_55,0,0,0,5520,84320,6900,87040,0,0,0,sky130_fd_sc_hd__decap_3,3.24003692799002e-12,0.0
PHY_EDGE_ROW_27_Right_27,0,0,0,92920,84320,94300,87040,0,0,0,sky130_fd_sc_hd__decap_3,3.24003692799002e-12,0.0
PHY_EDGE_ROW_2_Left_30,0,0,0,5520,16320,6900,19040,0,0,0,sky130_fd_sc_hd__decap_3,3.24003692799002e-12,0.0
PHY_EDGE_ROW_2_Right_2,0,0,0,92920,16320,94300,19040,0,0,0,sky130_fd_sc_hd__decap_3,3.24003692799002e-12,0.0
PHY_EDGE_ROW_3_Left_31,0,0,0,5520,19040,6900,21760,0,0,0,sky130_fd_sc_hd__decap_3,3.24003692799002e-12,0.0
PHY_EDGE_ROW_3_Right_3,0,0,0,92920,19040,94300,21760,0,0,0,sky130_fd_sc_hd__decap_3,3.24003692799002e-12,0.0
PHY_EDGE_ROW_4_Left_32,0,0,0,5520,21760,6900,24480,0,0,0,sky130_fd_sc_hd__decap_3,3.24003692799002e-12,0.0
PHY_EDGE_ROW_4_Right_4,0,0,0,92920,21760,94300,24480,0,0,0,sky130_fd_sc_hd__decap_3,3.24003692799002e-12,0.0
PHY_EDGE_ROW_5_Left_33,0,0,0,5520,24480,6900,27200,0,0,0,sky130_fd_sc_hd__decap_3,3.24003692799002e-12,0.0
PHY_EDGE_ROW_5_Right_5,0,0,0,92920,24480,94300,27200,0,0,0,sky130_fd_sc_hd__decap_3,3.24003692799002e-12,0.0
PHY_EDGE_ROW_6_Left_34,0,0,0,5520,27200,6900,29920,0,0,0,sky130_fd_sc_hd__decap_3,3.24003692799002e-12,0.0
PHY_EDGE_ROW_6_Right_6,0,0,0,92920,27200,94300,29920,0,0,0,sky130_fd_sc_hd__decap_3,3.24003692799002e-12,0.0
PHY_EDGE_ROW_7_Left_35,0,0,0,5520,29920,6900,32640,0,0,0,sky130_fd_sc_hd__decap_3,3.24003692799002e-12,0.0
PHY_EDGE_ROW_7_Right_7,0,0,0,92920,29920,94300,32640,0,0,0,sky130_fd_sc_hd__decap_3,3.24003692799002e-12,0.0
PHY_EDGE_ROW_8_Left_36,0,0,0,5520,32640,6900,35360,0,0,0,sky130_fd_sc_hd__decap_3,3.24003692799002e-12,0.0
PHY_EDGE_ROW_8_Right_8,0,0,0,92920,32640,94300,35360,0,0,0,sky130_fd_sc_hd__decap_3,3.24003692799002e-12,0.0
PHY_EDGE_ROW_9_Left_37,0,0,0,5520,35360,6900,38080,0,0,0,sky130_fd_sc_hd__decap_3,3.24003692799002e-12,0.0
PHY_EDGE_ROW_9_Right_9,0,0,0,92920,35360,94300,38080,0,0,0,sky130_fd_sc_hd__decap_3,3.24003692799002e-12,0.0
TAP_TAPCELL_ROW_0_56,0,0,0,18400,10880,18860,13600,0,0,0,sky130_fd_sc_hd__tapvpwrvgnd_1,0.0,0.0
TAP_TAPCELL_ROW_0_57,0,0,0,31280,10880,31740,13600,0,0,0,sky130_fd_sc_hd__tapvpwrvgnd_1,0.0,0.0
TAP_TAPCELL_ROW_0_58,0,0,0,44160,10880,44620,13600,0,0,0,sky130_fd_sc_hd__tapvpwrvgnd_1,0.0,0.0
TAP_TAPCELL_ROW_0_59,0,0,0,57040,10880,57500,13600,0,0,0,sky130_fd_sc_hd__tapvpwrvgnd_1,0.0,0.0
TAP_TAPCELL_ROW_0_60,0,0,0,69920,10880,70380,13600,0,0,0,sky130_fd_sc_hd__tapvpwrvgnd_1,0.0,0.0
TAP_TAPCELL_ROW_0_61,0,0,0,82800,10880,83260,13600,0,0,0,sky130_fd_sc_hd__tapvpwrvgnd_1,0.0,0.0
TAP_TAPCELL_ROW_10_89,0,0,0,18400,38080,18860,40800,0,0,0,sky130_fd_sc_hd__tapvpwrvgnd_1,0.0,0.0
TAP_TAPCELL_ROW_10_90,0,0,0,44160,38080,44620,40800,0,0,0,sky130_fd_sc_hd__tapvpwrvgnd_1,0.0,0.0
TAP_TAPCELL_ROW_10_91,0,0,0,69920,38080,70380,40800,0,0,0,sky130_fd_sc_hd__tapvpwrvgnd_1,0.0,0.0
TAP_TAPCELL_ROW_11_92,0,0,0,31280,40800,31740,43520,0,0,0,sky130_fd_sc_hd__tapvpwrvgnd_1,0.0,0.0
TAP_TAPCELL_ROW_11_93,0,0,0,57040,40800,57500,43520,0,0,0,sky130_fd_sc_hd__tapvpwrvgnd_1,0.0,0.0
TAP_TAPCELL_ROW_11_94,0,0,0,82800,40800,83260,43520,0,0,0,sky130_fd_sc_hd__tapvpwrvgnd_1,0.0,0.0
TAP_TAPCELL_ROW_12_95,0,0,0,18400,43520,18860,46240,0,0,0,sky130_fd_sc_hd__tapvpwrvgnd_1,0.0,0.0
TAP_TAPCELL_ROW_12_96,0,0,0,44160,43520,44620,46240,0,0,0,sky130_fd_sc_hd__tapvpwrvgnd_1,0.0,0.0
TAP_TAPCELL_ROW_12_97,0,0,0,69920,43520,70380,46240,0,0,0,sky130_fd_sc_hd__tapvpwrvgnd_1,0.0,0.0
TAP_TAPCELL_ROW_13_100,0,0,0,82800,46240,83260,48960,0,0,0,sky130_fd_sc_hd__tapvpwrvgnd_1,0.0,0.0
TAP_TAPCELL_ROW_13_98,0,0,0,31280,46240,31740,48960,0,0,0,sky130_fd_sc_hd__tapvpwrvgnd_1,0.0,0.0
TAP_TAPCELL_ROW_13_99,0,0,0,57040,46240,57500,48960,0,0,0,sky130_fd_sc_hd__tapvpwrvgnd_1,0.0,0.0
TAP_TAPCELL_ROW_14_101,0,0,0,18400,48960,18860,51680,0,0,0,sky130_fd_sc_hd__tapvpwrvgnd_1,0.0,0.0
TAP_TAPCELL_ROW_14_102,0,0,0,44160,48960,44620,51680,0,0,0,sky130_fd_sc_hd__tapvpwrvgnd_1,0.0,0.0
TAP_TAPCELL_ROW_14_103,0,0,0,69920,48960,70380,51680,0,0,0,sky130_fd_sc_hd__tapvpwrvgnd_1,0.0,0.0
TAP_TAPCELL_ROW_15_104,0,0,0,31280,51680,31740,54400,0,0,0,sky130_fd_sc_hd__tapvpwrvgnd_1,0.0,0.0
TAP_TAPCELL_ROW_15_105,0,0,0,57040,51680,57500,54400,0,0,0,sky130_fd_sc_hd__tapvpwrvgnd_1,0.0,0.0
TAP_TAPCELL_ROW_15_106,0,0,0,82800,51680,83260,54400,0,0,0,sky130_fd_sc_hd__tapvpwrvgnd_1,0.0,0.0
TAP_TAPCELL_ROW_16_107,0,0,0,18400,54400,18860,57120,0,0,0,sky130_fd_sc_hd__tapvpwrvgnd_1,0.0,0.0
TAP_TAPCELL_ROW_16_108,0,0,0,44160,54400,44620,57120,0,0,0,sky130_fd_sc_hd__tapvpwrvgnd_1,0.0,0.0
TAP_TAPCELL_ROW_16_109,0,0,0,69920,54400,70380,57120,0,0,0,sky130_fd_sc_hd__tapvpwrvgnd_1,0.0,0.0
TAP_TAPCELL_ROW_17_110,0,0,0,31280,57120,31740,59840,0,0,0,sky130_fd_sc_hd__tapvpwrvgnd_1,0.0,0.0
TAP_TAPCELL_ROW_17_111,0,0,0,57040,57120,57500,59840,0,0,0,sky130_fd_sc_hd__tapvpwrvgnd_1,0.0,0.0
TAP_TAPCELL_ROW_17_112,0,0,0,82800,57120,83260,59840,0,0,0,sky130_fd_sc_hd__tapvpwrvgnd_1,0.0,0.0
TAP_TAPCELL_ROW_18_113,0,0,0,18400,59840,18860,62560,0,0,0,sky130_fd_sc_hd__tapvpwrvgnd_1,0.0,0.0
TAP_TAPCELL_ROW_18_114,0,0,0,44160,59840,44620,62560,0,0,0,sky130_fd_sc_hd__tapvpwrvgnd_1,0.0,0.0
TAP_TAPCELL_ROW_18_115,0,0,0,69920,59840,70380,62560,0,0,0,sky130_fd_sc_hd__tapvpwrvgnd_1,0.0,0.0
TAP_TAPCELL_ROW_19_116,0,0,0,31280,62560,31740,65280,0,0,0,sky130_fd_sc_hd__tapvpwrvgnd_1,0.0,0.0
TAP_TAPCELL_ROW_19_117,0,0,0,57040,62560,57500,65280,0,0,0,sky130_fd_sc_hd__tapvpwrvgnd_1,0.0,0.0
TAP_TAPCELL_ROW_19_118,0,0,0,82800,62560,83260,65280,0,0,0,sky130_fd_sc_hd__tapvpwrvgnd_1,0.0,0.0
TAP_TAPCELL_ROW_1_62,0,0,0,31280,13600,31740,16320,0,0,0,sky130_fd_sc_hd__tapvpwrvgnd_1,0.0,0.0
TAP_TAPCELL_ROW_1_63,0,0,0,57040,13600,57500,16320,0,0,0,sky130_fd_sc_hd__tapvpwrvgnd_1,0.0,0.0
TAP_TAPCELL_ROW_1_64,0,0,0,82800,13600,83260,16320,0,0,0,sky130_fd_sc_hd__tapvpwrvgnd_1,0.0,0.0
TAP_TAPCELL_ROW_20_119,0,0,0,18400,65280,18860,68000,0,0,0,sky130_fd_sc_hd__tapvpwrvgnd_1,0.0,0.0
TAP_TAPCELL_ROW_20_120,0,0,0,44160,65280,44620,68000,0,0,0,sky130_fd_sc_hd__tapvpwrvgnd_1,0.0,0.0
TAP_TAPCELL_ROW_20_121,0,0,0,69920,65280,70380,68000,0,0,0,sky130_fd_sc_hd__tapvpwrvgnd_1,0.0,0.0
TAP_TAPCELL_ROW_21_122,0,0,0,31280,68000,31740,70720,0,0,0,sky130_fd_sc_hd__tapvpwrvgnd_1,0.0,0.0
TAP_TAPCELL_ROW_21_123,0,0,0,57040,68000,57500,70720,0,0,0,sky130_fd_sc_hd__tapvpwrvgnd_1,0.0,0.0
TAP_TAPCELL_ROW_21_124,0,0,0,82800,68000,83260,70720,0,0,0,sky130_fd_sc_hd__tapvpwrvgnd_1,0.0,0.0
TAP_TAPCELL_ROW_22_125,0,0,0,18400,70720,18860,73440,0,0,0,sky130_fd_sc_hd__tapvpwrvgnd_1,0.0,0.0
TAP_TAPCELL_ROW_22_126,0,0,0,44160,70720,44620,73440,0,0,0,sky130_fd_sc_hd__tapvpwrvgnd_1,0.0,0.0
TAP_TAPCELL_ROW_22_127,0,0,0,69920,70720,70380,73440,0,0,0,sky130_fd_sc_hd__tapvpwrvgnd_1,0.0,0.0
TAP_TAPCELL_ROW_23_128,0,0,0,31280,73440,31740,76160,0,0,0,sky130_fd_sc_hd__tapvpwrvgnd_1,0.0,0.0
TAP_TAPCELL_ROW_23_129,0,0,0,57040,73440,57500,76160,0,0,0,sky130_fd_sc_hd__tapvpwrvgnd_1,0.0,0.0
TAP_TAPCELL_ROW_23_130,0,0,0,82800,73440,83260,76160,0,0,0,sky130_fd_sc_hd__tapvpwrvgnd_1,0.0,0.0
TAP_TAPCELL_ROW_24_131,0,0,0,18400,76160,18860,78880,0,0,0,sky130_fd_sc_hd__tapvpwrvgnd_1,0.0,0.0
TAP_TAPCELL_ROW_24_132,0,0,0,44160,76160,44620,78880,0,0,0,sky130_fd_sc_hd__tapvpwrvgnd_1,0.0,0.0
TAP_TAPCELL_ROW_24_133,0,0,0,69920,76160,70380,78880,0,0,0,sky130_fd_sc_hd__tapvpwrvgnd_1,0.0,0.0
TAP_TAPCELL_ROW_25_134,0,0,0,31280,78880,31740,81600,0,0,0,sky130_fd_sc_hd__tapvpwrvgnd_1,0.0,0.0
TAP_TAPCELL_ROW_25_135,0,0,0,57040,78880,57500,81600,0,0,0,sky130_fd_sc_hd__tapvpwrvgnd_1,0.0,0.0
TAP_TAPCELL_ROW_25_136,0,0,0,82800,78880,83260,81600,0,0,0,sky130_fd_sc_hd__tapvpwrvgnd_1,0.0,0.0
TAP_TAPCELL_ROW_26_137,0,0,0,18400,81600,18860,84320,0,0,0,sky130_fd_sc_hd__tapvpwrvgnd_1,0.0,0.0
TAP_TAPCELL_ROW_26_138,0,0,0,44160,81600,44620,84320,0,0,0,sky130_fd_sc_hd__tapvpwrvgnd_1,0.0,0.0
TAP_TAPCELL_ROW_26_139,0,0,0,69920,81600,70380,84320,0,0,0,sky130_fd_sc_hd__tapvpwrvgnd_1,0.0,0.0
TAP_TAPCELL_ROW_27_140,0,0,0,18400,84320,18860,87040,0,0,0,sky130_fd_sc_hd__tapvpwrvgnd_1,0.0,0.0
TAP_TAPCELL_ROW_27_141,0,0,0,31280,84320,31740,87040,0,0,0,sky130_fd_sc_hd__tapvpwrvgnd_1,0.0,0.0
TAP_TAPCELL_ROW_27_142,0,0,0,44160,84320,44620,87040,0,0,0,sky130_fd_sc_hd__tapvpwrvgnd_1,0.0,0.0
TAP_TAPCELL_ROW_27_143,0,0,0,57040,84320,57500,87040,0,0,0,sky130_fd_sc_hd__tapvpwrvgnd_1,0.0,0.0
TAP_TAPCELL_ROW_27_144,0,0,0,69920,84320,70380,87040,0,0,0,sky130_fd_sc_hd__tapvpwrvgnd_1,0.0,0.0
TAP_TAPCELL_ROW_27_145,0,0,0,82800,84320,83260,87040,0,0,0,sky130_fd_sc_hd__tapvpwrvgnd_1,0.0,0.0
TAP_TAPCELL_ROW_2_65,0,0,0,18400,16320,18860,19040,0,0,0,sky130_fd_sc_hd__tapvpwrvgnd_1,0.0,0.0
TAP_TAPCELL_ROW_2_66,0,0,0,44160,16320,44620,19040,0,0,0,sky130_fd_sc_hd__tapvpwrvgnd_1,0.0,0.0
TAP_TAPCELL_ROW_2_67,0,0,0,69920,16320,70380,19040,0,0,0,sky130_fd_sc_hd__tapvpwrvgnd_1,0.0,0.0
TAP_TAPCELL_ROW_3_68,0,0,0,31280,19040,31740,21760,0,0,0,sky130_fd_sc_hd__tapvpwrvgnd_1,0.0,0.0
TAP_TAPCELL_ROW_3_69,0,0,0,57040,19040,57500,21760,0,0,0,sky130_fd_sc_hd__tapvpwrvgnd_1,0.0,0.0
TAP_TAPCELL_ROW_3_70,0,0,0,82800,19040,83260,21760,0,0,0,sky130_fd_sc_hd__tapvpwrvgnd_1,0.0,0.0
TAP_TAPCELL_ROW_4_71,0,0,0,18400,21760,18860,24480,0,0,0,sky130_fd_sc_hd__tapvpwrvgnd_1,0.0,0.0
TAP_TAPCELL_ROW_4_72,0,0,0,44160,21760,44620,24480,0,0,0,sky130_fd_sc_hd__tapvpwrvgnd_1,0.0,0.0
TAP_TAPCELL_ROW_4_73,0,0,0,69920,21760,70380,24480,0,0,0,sky130_fd_sc_hd__tapvpwrvgnd_1,0.0,0.0
TAP_TAPCELL_ROW_5_74,0,0,0,31280,24480,31740,27200,0,0,0,sky130_fd_sc_hd__tapvpwrvgnd_1,0.0,0.0
TAP_TAPCELL_ROW_5_75,0,0,0,57040,24480,57500,27200,0,0,0,sky130_fd_sc_hd__tapvpwrvgnd_1,0.0,0.0
TAP_TAPCELL_ROW_5_76,0,0,0,82800,24480,83260,27200,0,0,0,sky130_fd_sc_hd__tapvpwrvgnd_1,0.0,0.0
TAP_TAPCELL_ROW_6_77,0,0,0,18400,27200,18860,29920,0,0,0,sky130_fd_sc_hd__tapvpwrvgnd_1,0.0,0.0
TAP_TAPCELL_ROW_6_78,0,0,0,44160,27200,44620,29920,0,0,0,sky130_fd_sc_hd__tapvpwrvgnd_1,0.0,0.0
TAP_TAPCELL_ROW_6_79,0,0,0,69920,27200,70380,29920,0,0,0,sky130_fd_sc_hd__tapvpwrvgnd_1,0.0,0.0
TAP_TAPCELL_ROW_7_80,0,0,0,31280,29920,31740,32640,0,0,0,sky130_fd_sc_hd__tapvpwrvgnd_1,0.0,0.0
TAP_TAPCELL_ROW_7_81,0,0,0,57040,29920,57500,32640,0,0,0,sky130_fd_sc_hd__tapvpwrvgnd_1,0.0,0.0
TAP_TAPCELL_ROW_7_82,0,0,0,82800,29920,83260,32640,0,0,0,sky130_fd_sc_hd__tapvpwrvgnd_1,0.0,0.0
TAP_TAPCELL_ROW_8_83,0,0,0,18400,32640,18860,35360,0,0,0,sky130_fd_sc_hd__tapvpwrvgnd_1,0.0,0.0
TAP_TAPCELL_ROW_8_84,0,0,0,44160,32640,44620,35360,0,0,0,sky130_fd_sc_hd__tapvpwrvgnd_1,0.0,0.0
TAP_TAPCELL_ROW_8_85,0,0,0,69920,32640,70380,35360,0,0,0,sky130_fd_sc_hd__tapvpwrvgnd_1,0.0,0.0
TAP_TAPCELL_ROW_9_86,0,0,0,31280,35360,31740,38080,0,0,0,sky130_fd_sc_hd__tapvpwrvgnd_1,0.0,0.0
TAP_TAPCELL_ROW_9_87,0,0,0,57040,35360,57500,38080,0,0,0,sky130_fd_sc_hd__tapvpwrvgnd_1,0.0,0.0
TAP_TAPCELL_ROW_9_88,0,0,0,82800,35360,83260,38080,0,0,0,sky130_fd_sc_hd__tapvpwrvgnd_1,0.0,0.0
U_AND1,0,0,0,48300,43520,50600,46240,0,0,0,sky130_fd_sc_hd__and2_1,2.664999948151503e-12,4.961793092661537e-05
U_AND2,0,0,0,46000,46240,48300,48960,0,0,0,sky130_fd_sc_hd__and2_1,2.664999948151503e-12,4.937773337587714e-05
U_INV,0,0,0,46920,43520,48300,46240,0,0,1,sky130_fd_sc_hd__inv_1,5.326649711590026e-12,2.0361829228932038e-05
U_OR,0,0,0,50140,46240,52440,48960,0,0,0,sky130_fd_sc_hd__or2_1,3.311837566341569e-12,7.746201299596578e-05
input1,0,0,0,48300,13600,51980,16320,0,1,0,sky130_fd_sc_hd__clkdlybuf4s25_1,3.7693498496083055e-12,0.00011702486517606303
input2,0,0,0,6900,48960,10580,51680,0,1,0,sky130_fd_sc_hd__clkdlybuf4s25_1,3.7693498496083055e-12,0.00011702486517606303
input3,0,0,0,49220,10880,52900,13600,0,1,0,sky130_fd_sc_hd__clkdlybuf4s25_1,3.7693498496083055e-12,0.00013425815268419683
output4,0,0,0,89240,48960,92920,51680,0,1,0,sky130_fd_sc_hd__clkdlybuf4s25_1,3.637830921915386e-12,0.0001568501756992191
